order_id,store_id,metro,zone,ordered_at,order_date,hour,slot,weather,promo_type,status,cancel_reason,rider_id,promise_minutes,o2d_minutes,sla_hit,gmv,discount_amount,delivery_fee,net_gmv,cogs,lines_ordered,lines_fulfilled,had_stockout
ORD100001,DS001,Mumbai,Andheri West,2025-08-01 17:43:29,2025-08-01,17,Evening,Clear,None,Partial,,R0006,15,12.49,1,288.66,0.0,0.0,288.66,208.74,2,1,1
ORD100002,DS001,Mumbai,Andheri West,2025-08-01 16:25:54,2025-08-01,16,Evening,Clear,Flat10,Delivered,,R0005,15,9.46,1,247.66,24.77,0.0,222.89,184.36,1,1,0
ORD100003,DS001,Mumbai,Andheri West,2025-08-01 11:15:01,2025-08-01,11,Lunch,Clear,WalletCashback,Delivered,,R0009,15,7.82,1,367.0,18.35,0.0,348.65,231.44,3,3,0
ORD100004,DS001,Mumbai,Andheri West,2025-08-01 10:30:43,2025-08-01,10,Morning,Clear,None,Delivered,,R0002,15,6.03,1,344.6,0.0,0.0,344.6,247.76,3,3,0
ORD100005,DS001,Mumbai,Andheri West,2025-08-01 19:38:05,2025-08-01,19,Evening,Clear,Flat10,Partial,,R0007,15,9.45,1,133.59,13.36,25.0,145.23,92.94,3,2,1
ORD100006,DS001,Mumbai,Andheri West,2025-08-01 16:00:15,2025-08-01,16,Evening,Clear,None,Delivered,,R0006,15,9.93,1,475.18,0.0,0.0,475.18,358.05,3,3,0
ORD100007,DS001,Mumbai,Andheri West,2025-08-01 23:48:38,2025-08-01,23,Late Night,Clear,None,Delivered,,R0009,15,7.07,1,366.36,0.0,0.0,366.36,261.1,2,2,0
ORD100008,DS001,Mumbai,Andheri West,2025-08-01 08:18:27,2025-08-01,8,Morning,Clear,Flat10,Delivered,,R0001,15,9.09,1,430.34,43.03,0.0,387.3,292.66,4,4,0
ORD100009,DS001,Mumbai,Andheri West,2025-08-01 17:16:15,2025-08-01,17,Evening,Clear,Flash20,Cancelled,Store closed,,15,,0,0.0,0.0,0.0,0.0,0.0,4,0,0
ORD100010,DS001,Mumbai,Andheri West,2025-08-01 22:44:06,2025-08-01,22,Late Night,Clear,None,Delivered,,R0001,15,7.5,1,189.37,0.0,25.0,214.37,139.16,1,1,0
ORD100011,DS001,Mumbai,Andheri West,2025-08-01 18:26:12,2025-08-01,18,Evening,Clear,None,Delivered,,R0004,15,7.87,1,72.11,0.0,25.0,97.11,54.04,2,2,0
ORD100012,DS001,Mumbai,Andheri West,2025-08-01 12:19:54,2025-08-01,12,Lunch,Clear,BOGO,Delivered,,R0007,15,8.54,1,105.04,19.05,25.0,110.99,77.15,2,2,0
ORD100013,DS001,Mumbai,Andheri West,2025-08-01 08:09:06,2025-08-01,8,Morning,Clear,Flat10,Partial,,R0012,15,8.49,1,125.07,12.51,25.0,137.56,82.45,2,1,1
ORD100014,DS001,Mumbai,Andheri West,2025-08-01 18:54:59,2025-08-01,18,Evening,Clear,None,Partial,,R0003,15,13.16,1,242.17,0.0,0.0,242.17,176.62,3,2,1
ORD100015,DS001,Mumbai,Andheri West,2025-08-01 10:35:46,2025-08-01,10,Morning,Clear,BOGO,Cancelled,Store closed,,15,,0,0.0,0.0,0.0,0.0,0.0,1,0,0
ORD100016,DS001,Mumbai,Andheri West,2025-08-01 23:00:34,2025-08-01,23,Late Night,Clear,None,Cancelled,Customer,,15,,0,0.0,0.0,0.0,0.0,0.0,3,0,0
ORD100017,DS001,Mumbai,Andheri West,2025-08-01 12:35:50,2025-08-01,12,Lunch,Clear,None,Cancelled,Stockout,,15,,0,0.0,0.0,0.0,0.0,0.0,4,0,1
ORD100018,DS001,Mumbai,Andheri West,2025-08-01 20:39:23,2025-08-01,20,Evening,Clear,BOGO,Delivered,,R0010,15,9.14,1,153.53,0.0,25.0,178.53,105.12,2,2,0
ORD100019,DS001,Mumbai,Andheri West,2025-08-01 19:43:56,2025-08-01,19,Evening,Clear,None,Delivered,,R0001,15,15.18,0,614.24,0.0,0.0,614.24,470.17,3,3,0
ORD100020,DS001,Mumbai,Andheri West,2025-08-01 21:36:30,2025-08-01,21,Late Night,Clear,None,Delivered,,R0010,15,8.81,1,304.75,0.0,0.0,304.75,217.51,2,2,0
ORD100021,DS001,Mumbai,Andheri West,2025-08-01 11:58:11,2025-08-01,11,Lunch,Clear,Flat10,Delivered,,R0004,15,4.42,1,145.93,14.59,25.0,156.34,93.1,1,1,0
ORD100022,DS001,Mumbai,Andheri West,2025-08-01 12:18:45,2025-08-01,12,Lunch,Clear,WalletCashback,Delivered,,R0012,15,7.42,1,411.24,20.56,0.0,390.68,247.83,4,4,0
ORD100023,DS001,Mumbai,Andheri West,2025-08-01 14:22:06,2025-08-01,14,Lunch,Clear,Flash20,Delivered,,R0010,15,6.12,1,818.9,163.78,0.0,655.12,597.73,4,4,0
ORD100024,DS001,Mumbai,Andheri West,2025-08-01 21:04:53,2025-08-01,21,Late Night,Clear,Flash20,Delivered,,R0014,15,10.82,1,223.43,44.69,0.0,178.74,155.42,2,2,0
ORD100025,DS001,Mumbai,Andheri West,2025-08-01 12:12:52,2025-08-01,12,Lunch,Clear,None,Delivered,,R0006,15,9.93,1,224.14,0.0,0.0,224.14,156.03,1,1,0
ORD100026,DS001,Mumbai,Andheri West,2025-08-01 11:28:49,2025-08-01,11,Lunch,Clear,None,Partial,,R0003,15,8.2,1,379.86,0.0,0.0,379.86,245.48,4,3,1
ORD100027,DS001,Mumbai,Andheri West,2025-08-01 13:55:24,2025-08-01,13,Lunch,Clear,None,Delivered,,R0011,15,9.68,1,210.04,0.0,0.0,210.04,148.59,3,3,0
ORD100028,DS001,Mumbai,Andheri West,2025-08-01 19:21:23,2025-08-01,19,Evening,Clear,Flat10,Delivered,,R0010,15,11.52,1,154.07,15.41,25.0,163.66,97.07,2,2,0
ORD100029,DS001,Mumbai,Andheri West,2025-08-01 08:53:19,2025-08-01,8,Morning,Clear,None,Delivered,,R0013,15,9.42,1,363.68,0.0,0.0,363.68,230.34,1,1,0
ORD100030,DS001,Mumbai,Andheri West,2025-08-01 21:44:12,2025-08-01,21,Late Night,Clear,Flat10,Delivered,,R0010,15,10.65,1,237.51,23.75,0.0,213.76,164.85,3,3,0
ORD100031,DS001,Mumbai,Andheri West,2025-08-01 13:51:32,2025-08-01,13,Lunch,Clear,None,Delivered,,R0010,15,13.02,1,154.69,0.0,25.0,179.69,89.68,2,2,0
ORD100032,DS001,Mumbai,Andheri West,2025-08-01 18:14:38,2025-08-01,18,Evening,Clear,None,Partial,,R0002,15,10.23,1,54.38,0.0,25.0,79.38,40.86,2,1,1
ORD100033,DS001,Mumbai,Andheri West,2025-08-01 23:23:17,2025-08-01,23,Late Night,Clear,None,Delivered,,R0007,15,9.58,1,95.02,0.0,25.0,120.02,62.26,1,1,0
ORD100034,DS001,Mumbai,Andheri West,2025-08-01 18:53:27,2025-08-01,18,Evening,Clear,Flash20,Delivered,,R0002,15,9.06,1,27.66,5.53,25.0,47.13,20.43,1,1,0
ORD100035,DS001,Mumbai,Andheri West,2025-08-01 13:58:17,2025-08-01,13,Lunch,Clear,None,Delivered,,R0012,15,8.54,1,312.74,0.0,0.0,312.74,216.3,2,2,0
ORD100036,DS001,Mumbai,Andheri West,2025-08-01 10:34:52,2025-08-01,10,Morning,Clear,None,Partial,,R0007,15,12.5,1,48.12,0.0,25.0,73.12,31.24,2,1,1
ORD100037,DS001,Mumbai,Andheri West,2025-08-01 20:33:32,2025-08-01,20,Evening,Clear,Flash20,Delivered,,R0006,15,13.37,1,252.59,50.52,0.0,202.07,164.9,1,1,0
ORD100038,DS001,Mumbai,Andheri West,2025-08-01 11:38:45,2025-08-01,11,Lunch,Clear,None,Delivered,,R0011,15,5.71,1,467.15,0.0,0.0,467.15,327.51,4,4,0
ORD100039,DS001,Mumbai,Andheri West,2025-08-01 20:33:22,2025-08-01,20,Evening,Clear,None,Delivered,,R0001,15,6.51,1,195.47,0.0,25.0,220.47,123.35,3,3,0
ORD100040,DS001,Mumbai,Andheri West,2025-08-01 20:12:46,2025-08-01,20,Evening,Clear,None,Partial,,R0010,15,9.4,1,170.64,0.0,25.0,195.64,112.79,3,2,1
ORD100041,DS001,Mumbai,Andheri West,2025-08-01 13:14:03,2025-08-01,13,Lunch,Clear,None,Delivered,,R0002,15,9.16,1,282.61,0.0,0.0,282.61,168.69,2,2,0
ORD100042,DS001,Mumbai,Andheri West,2025-08-01 16:49:08,2025-08-01,16,Evening,Clear,None,Delivered,,R0006,15,13.44,1,586.36,0.0,0.0,586.36,396.29,4,4,0
ORD100043,DS001,Mumbai,Andheri West,2025-08-01 14:26:25,2025-08-01,14,Lunch,Clear,Flat10,Delivered,,R0008,15,9.89,1,223.5,22.35,0.0,201.15,155.23,2,2,0
ORD100044,DS001,Mumbai,Andheri West,2025-08-01 11:05:30,2025-08-01,11,Lunch,Clear,None,Delivered,,R0014,15,8.21,1,733.31,0.0,0.0,733.31,481.29,3,3,0
ORD100045,DS001,Mumbai,Andheri West,2025-08-01 17:40:04,2025-08-01,17,Evening,Clear,BOGO,Cancelled,Payment failed,,15,,0,0.0,0.0,0.0,0.0,0.0,1,0,0
ORD100046,DS001,Mumbai,Andheri West,2025-08-01 13:47:52,2025-08-01,13,Lunch,Clear,None,Delivered,,R0013,15,4.43,1,437.56,0.0,0.0,437.56,266.89,4,4,0
ORD100047,DS001,Mumbai,Andheri West,2025-08-01 14:56:22,2025-08-01,14,Lunch,Clear,None,Delivered,,R0012,15,10.88,1,56.26,0.0,25.0,81.26,41.67,1,1,0
ORD100048,DS001,Mumbai,Andheri West,2025-08-01 18:34:09,2025-08-01,18,Evening,Clear,Flat10,Delivered,,R0009,15,9.11,1,412.67,41.27,0.0,371.41,292.71,1,1,0
ORD100049,DS001,Mumbai,Andheri West,2025-08-01 21:11:24,2025-08-01,21,Late Night,Clear,Flash20,Cancelled,Customer,,15,,0,0.0,0.0,0.0,0.0,0.0,2,0,0
ORD100050,DS001,Mumbai,Andheri West,2025-08-01 23:32:28,2025-08-01,23,Late Night,Clear,None,Delivered,,R0013,15,9.61,1,293.94,0.0,0.0,293.94,208.74,4,4,0
ORD100051,DS001,Mumbai,Andheri West,2025-08-01 12:11:57,2025-08-01,12,Lunch,Clear,None,Delivered,,R0008,15,8.36,1,589.17,0.0,0.0,589.17,418.5,3,3,0
ORD100052,DS001,Mumbai,Andheri West,2025-08-01 13:11:23,2025-08-01,13,Lunch,Clear,None,Delivered,,R0014,15,7.29,1,277.53,0.0,0.0,277.53,190.73,3,3,0
ORD100053,DS001,Mumbai,Andheri West,2025-08-01 09:08:11,2025-08-01,9,Morning,Clear,Flat10,Delivered,,R0009,15,13.35,1,323.13,32.31,0.0,290.82,211.3,2,2,0
ORD100054,DS001,Mumbai,Andheri West,2025-08-01 13:56:19,2025-08-01,13,Lunch,Clear,Flat10,Delivered,,R0007,15,7.97,1,918.4,91.84,0.0,826.56,627.8,4,4,0
ORD100055,DS001,Mumbai,Andheri West,2025-08-01 09:44:35,2025-08-01,9,Morning,Clear,None,Delivered,,R0010,15,14.41,1,439.62,0.0,0.0,439.62,263.55,3,3,0
ORD100056,DS001,Mumbai,Andheri West,2025-08-01 18:55:57,2025-08-01,18,Evening,Clear,None,Delivered,,R0003,15,7.19,1,207.78,0.0,0.0,207.78,125.72,3,3,0
ORD100057,DS001,Mumbai,Andheri West,2025-08-01 12:19:31,2025-08-01,12,Lunch,Clear,WalletCashback,Delivered,,R0002,15,6.56,1,645.35,32.27,0.0,613.08,465.86,3,3,0
ORD100058,DS001,Mumbai,Andheri West,2025-08-01 15:26:49,2025-08-01,15,Evening,Clear,None,Delivered,,R0008,15,10.93,1,250.2,0.0,0.0,250.2,181.58,2,2,0
ORD100059,DS001,Mumbai,Andheri West,2025-08-01 21:45:21,2025-08-01,21,Late Night,Clear,Flat10,Delivered,,R0013,15,8.47,1,315.22,31.52,0.0,283.7,221.28,2,2,0
ORD100060,DS001,Mumbai,Andheri West,2025-08-01 17:45:33,2025-08-01,17,Evening,Clear,Flash20,Delivered,,R0001,15,9.81,1,785.83,157.17,0.0,628.66,539.04,4,4,0
ORD100061,DS001,Mumbai,Andheri West,2025-08-01 18:50:40,2025-08-01,18,Evening,Clear,None,Delivered,,R0008,15,7.29,1,110.12,0.0,25.0,135.12,82.17,1,1,0
ORD100062,DS001,Mumbai,Andheri West,2025-08-01 14:15:59,2025-08-01,14,Lunch,Clear,None,Delivered,,R0003,15,8.91,1,438.85,0.0,0.0,438.85,281.79,2,2,0
ORD100063,DS001,Mumbai,Andheri West,2025-08-01 09:08:23,2025-08-01,9,Morning,Clear,BOGO,Delivered,,R0003,15,6.96,1,45.85,0.0,25.0,70.85,30.02,1,1,0
ORD100064,DS001,Mumbai,Andheri West,2025-08-01 14:39:24,2025-08-01,14,Lunch,Clear,WalletCashback,Delivered,,R0011,15,9.57,1,291.17,14.56,0.0,276.61,208.74,1,1,0
ORD100065,DS001,Mumbai,Andheri West,2025-08-01 19:12:54,2025-08-01,19,Evening,Clear,Flash20,Delivered,,R0006,15,11.87,1,294.73,58.95,0.0,235.78,190.01,3,3,0
ORD100066,DS001,Mumbai,Andheri West,2025-08-01 12:31:03,2025-08-01,12,Lunch,Clear,WalletCashback,Delivered,,R0013,15,4.59,1,219.26,10.96,0.0,208.3,145.42,3,3,0
ORD100067,DS001,Mumbai,Andheri West,2025-08-01 16:30:34,2025-08-01,16,Evening,Clear,None,Delivered,,R0008,15,15.07,0,302.03,0.0,0.0,302.03,221.47,4,4,0
ORD100068,DS001,Mumbai,Andheri West,2025-08-01 13:47:36,2025-08-01,13,Lunch,Clear,WalletCashback,Cancelled,Customer,,15,,0,0.0,0.0,0.0,0.0,0.0,4,0,0
ORD100069,DS001,Mumbai,Andheri West,2025-08-01 14:24:56,2025-08-01,14,Lunch,Clear,None,Delivered,,R0007,15,12.48,1,205.67,0.0,0.0,205.67,155.19,2,2,0
ORD100070,DS001,Mumbai,Andheri West,2025-08-01 18:42:22,2025-08-01,18,Evening,Clear,Flat10,Delivered,,R0003,15,9.33,1,480.95,48.1,0.0,432.86,305.4,3,3,0
ORD100071,DS001,Mumbai,Andheri West,2025-08-01 09:07:03,2025-08-01,9,Morning,Clear,None,Delivered,,R0007,15,9.78,1,375.89,0.0,0.0,375.89,272.69,4,4,0
ORD100072,DS001,Mumbai,Andheri West,2025-08-01 18:38:51,2025-08-01,18,Evening,Clear,None,Delivered,,R0014,15,5.85,1,332.07,0.0,0.0,332.07,229.29,4,4,0
ORD100073,DS001,Mumbai,Andheri West,2025-08-01 15:13:49,2025-08-01,15,Evening,Clear,None,Delivered,,R0008,15,9.6,1,514.05,0.0,0.0,514.05,351.46,3,3,0
ORD100074,DS001,Mumbai,Andheri West,2025-08-01 22:28:30,2025-08-01,22,Late Night,Clear,None,Delivered,,R0011,15,7.74,1,131.79,0.0,25.0,156.79,90.01,2,2,0
ORD100075,DS001,Mumbai,Andheri West,2025-08-01 13:23:38,2025-08-01,13,Lunch,Clear,None,Delivered,,R0011,15,10.2,1,161.8,0.0,25.0,186.8,116.48,2,2,0
ORD100076,DS001,Mumbai,Andheri West,2025-08-01 23:59:06,2025-08-01,23,Late Night,Clear,Flat10,Delivered,,R0003,15,8.84,1,347.19,34.72,0.0,312.47,240.27,3,3,0
ORD100077,DS001,Mumbai,Andheri West,2025-08-01 18:30:24,2025-08-01,18,Evening,Clear,BOGO,Delivered,,R0012,15,9.96,1,216.2,47.31,0.0,168.9,175.53,2,2,0
ORD100078,DS001,Mumbai,Andheri West,2025-08-01 12:41:03,2025-08-01,12,Lunch,Clear,None,Delivered,,R0014,15,7.74,1,658.69,0.0,0.0,658.69,443.91,4,4,0
ORD100079,DS001,Mumbai,Andheri West,2025-08-01 16:57:33,2025-08-01,16,Evening,Clear,None,Delivered,,R0010,15,6.48,1,209.24,0.0,0.0,209.24,163.03,2,2,0
ORD100080,DS001,Mumbai,Andheri West,2025-08-01 15:37:36,2025-08-01,15,Evening,Clear,None,Delivered,,R0004,15,9.55,1,83.21,0.0,25.0,108.21,50.46,1,1,0
ORD100081,DS001,Mumbai,Andheri West,2025-08-01 21:31:57,2025-08-01,21,Late Night,Clear,None,Delivered,,R0013,15,7.89,1,540.13,0.0,0.0,540.13,380.76,4,4,0
ORD100082,DS001,Mumbai,Andheri West,2025-08-01 19:58:01,2025-08-01,19,Evening,Clear,None,Delivered,,R0004,15,6.41,1,136.11,0.0,25.0,161.11,82.01,2,2,0
ORD100083,DS001,Mumbai,Andheri West,2025-08-01 23:32:09,2025-08-01,23,Late Night,Clear,None,Delivered,,R0008,15,8.21,1,420.01,0.0,0.0,420.01,268.93,3,3,0
ORD100084,DS001,Mumbai,Andheri West,2025-08-01 10:16:09,2025-08-01,10,Morning,Clear,BOGO,Delivered,,R0005,15,8.91,1,54.01,13.5,25.0,65.51,33.64,1,1,0
ORD100085,DS001,Mumbai,Andheri West,2025-08-01 13:19:39,2025-08-01,13,Lunch,Clear,None,Delivered,,R0011,15,7.47,1,243.39,0.0,0.0,243.39,171.12,2,2,0
ORD100086,DS001,Mumbai,Andheri West,2025-08-01 19:06:50,2025-08-01,19,Evening,Clear,None,Partial,,R0001,15,9.4,1,943.96,0.0,0.0,943.96,680.22,4,3,1
ORD100087,DS001,Mumbai,Andheri West,2025-08-01 09:07:43,2025-08-01,9,Morning,Clear,None,Delivered,,R0012,15,7.94,1,528.48,0.0,0.0,528.48,360.1,4,4,0
ORD100088,DS001,Mumbai,Andheri West,2025-08-01 11:42:40,2025-08-01,11,Lunch,Clear,None,Delivered,,R0009,15,10.42,1,157.07,0.0,25.0,182.07,103.84,3,3,0
ORD100089,DS001,Mumbai,Andheri West,2025-08-01 19:20:07,2025-08-01,19,Evening,Clear,Flash20,Cancelled,Stockout,,15,,0,0.0,0.0,0.0,0.0,0.0,4,0,1
ORD100090,DS001,Mumbai,Andheri West,2025-08-01 12:20:16,2025-08-01,12,Lunch,Clear,None,Cancelled,Customer,,15,,0,0.0,0.0,0.0,0.0,0.0,2,0,0
ORD100091,DS001,Mumbai,Andheri West,2025-08-01 19:12:35,2025-08-01,19,Evening,Clear,WalletCashback,Delivered,,R0014,15,9.95,1,385.35,19.27,0.0,366.08,286.42,4,4,0
ORD100092,DS001,Mumbai,Andheri West,2025-08-01 18:31:51,2025-08-01,18,Evening,Clear,None,Delivered,,R0007,15,13.98,1,797.18,0.0,0.0,797.18,566.08,4,4,0
ORD100093,DS001,Mumbai,Andheri West,2025-08-01 12:49:40,2025-08-01,12,Lunch,Clear,Flash20,Delivered,,R0011,15,8.85,1,758.41,151.68,0.0,606.72,503.91,4,4,0
ORD100094,DS001,Mumbai,Andheri West,2025-08-01 10:23:56,2025-08-01,10,Morning,Clear,WalletCashback,Delivered,,R0013,15,11.13,1,236.13,11.81,0.0,224.32,155.98,2,2,0
ORD100095,DS001,Mumbai,Andheri West,2025-08-01 10:05:35,2025-08-01,10,Morning,Clear,FreeDelivery,Delivered,,R0005,15,7.07,1,466.29,25.0,0.0,441.29,338.31,4,4,0
ORD100096,DS001,Mumbai,Andheri West,2025-08-01 13:52:32,2025-08-01,13,Lunch,Clear,None,Delivered,,R0014,15,9.86,1,341.3,0.0,0.0,341.3,221.17,4,4,0
ORD100097,DS001,Mumbai,Andheri West,2025-08-01 23:41:48,2025-08-01,23,Late Night,Clear,None,Delivered,,R0011,15,5.89,1,96.51,0.0,25.0,121.51,54.61,2,2,0
ORD100098,DS001,Mumbai,Andheri West,2025-08-01 17:42:12,2025-08-01,17,Evening,Clear,WalletCashback,Delivered,,R0014,15,5.67,1,541.11,27.06,0.0,514.05,376.0,4,4,0
ORD100099,DS001,Mumbai,Andheri West,2025-08-01 21:43:18,2025-08-01,21,Late Night,Clear,None,Delivered,,R0005,15,7.5,1,739.86,0.0,0.0,739.86,494.57,4,4,0
ORD100100,DS001,Mumbai,Andheri West,2025-08-01 14:44:04,2025-08-01,14,Lunch,Clear,None,Delivered,,R0012,15,10.95,1,46.37,0.0,25.0,71.37,33.3,2,2,0
ORD100101,DS001,Mumbai,Andheri West,2025-08-01 17:22:39,2025-08-01,17,Evening,Clear,None,Delivered,,R0013,15,9.11,1,145.76,0.0,25.0,170.76,107.6,1,1,0
ORD100102,DS001,Mumbai,Andheri West,2025-08-01 20:03:44,2025-08-01,20,Evening,Clear,Flat10,Delivered,,R0002,15,11.69,1,57.05,5.71,25.0,76.35,34.3,1,1,0
ORD100103,DS001,Mumbai,Andheri West,2025-08-01 18:53:55,2025-08-01,18,Evening,Clear,None,Delivered,,R0008,15,8.42,1,240.38,0.0,0.0,240.38,153.2,3,3,0
ORD100104,DS002,Mumbai,Powai,2025-08-01 19:00:50,2025-08-01,19,Evening,Clear,None,Delivered,,R0016,20,10.17,1,204.56,0.0,0.0,204.56,144.59,2,2,0
ORD100105,DS002,Mumbai,Powai,2025-08-01 12:52:19,2025-08-01,12,Lunch,Clear,FreeDelivery,Delivered,,R0015,20,14.69,1,150.13,25.0,0.0,125.13,112.08,3,3,0
ORD100106,DS002,Mumbai,Powai,2025-08-01 09:03:41,2025-08-01,9,Morning,Clear,Flat10,Delivered,,R0023,20,12.57,1,285.84,28.58,0.0,257.26,196.14,2,2,0
ORD100107,DS002,Mumbai,Powai,2025-08-01 16:32:50,2025-08-01,16,Evening,Clear,None,Delivered,,R0019,20,7.88,1,355.62,0.0,0.0,355.62,238.58,3,3,0
ORD100108,DS002,Mumbai,Powai,2025-08-01 12:35:00,2025-08-01,12,Lunch,Clear,Flash20,Delivered,,R0026,20,12.4,1,374.08,74.82,0.0,299.26,260.95,3,3,0
ORD100109,DS002,Mumbai,Powai,2025-08-01 13:06:02,2025-08-01,13,Lunch,Clear,None,Cancelled,Customer,,20,,0,0.0,0.0,0.0,0.0,0.0,4,0,0
ORD100110,DS002,Mumbai,Powai,2025-08-01 18:46:57,2025-08-01,18,Evening,Clear,Flash20,Delivered,,R0016,20,9.53,1,286.68,57.34,0.0,229.35,186.26,3,3,0
ORD100111,DS002,Mumbai,Powai,2025-08-01 17:48:22,2025-08-01,17,Evening,Clear,Flat10,Delivered,,R0016,20,16.4,1,348.7,34.87,0.0,313.83,224.19,2,2,0
ORD100112,DS002,Mumbai,Powai,2025-08-01 08:22:48,2025-08-01,8,Morning,Clear,None,Delivered,,R0026,20,8.78,1,335.48,0.0,0.0,335.48,207.09,3,3,0
ORD100113,DS002,Mumbai,Powai,2025-08-01 12:01:15,2025-08-01,12,Lunch,Clear,None,Cancelled,Stockout,,20,,0,0.0,0.0,0.0,0.0,0.0,2,0,1
ORD100114,DS002,Mumbai,Powai,2025-08-01 18:04:59,2025-08-01,18,Evening,Clear,None,Delivered,,R0026,20,11.2,1,206.77,0.0,0.0,206.77,146.1,3,3,0
ORD100115,DS002,Mumbai,Powai,2025-08-01 15:05:24,2025-08-01,15,Evening,Clear,Flash20,Partial,,R0024,20,11.89,1,132.06,26.41,25.0,130.65,85.7,3,2,1
ORD100116,DS002,Mumbai,Powai,2025-08-01 13:39:18,2025-08-01,13,Lunch,Clear,Flash20,Delivered,,R0026,20,13.77,1,445.76,89.15,0.0,356.61,299.57,4,4,0
ORD100117,DS002,Mumbai,Powai,2025-08-01 16:49:53,2025-08-01,16,Evening,Clear,Flat10,Delivered,,R0021,20,17.08,1,368.6,36.86,0.0,331.74,254.27,3,3,0
ORD100118,DS002,Mumbai,Powai,2025-08-01 14:14:48,2025-08-01,14,Lunch,Clear,BOGO,Delivered,,R0026,20,11.37,1,139.88,23.31,25.0,141.57,85.74,1,1,0
ORD100119,DS002,Mumbai,Powai,2025-08-01 12:10:29,2025-08-01,12,Lunch,Clear,Flash20,Delivered,,R0023,20,12.72,1,378.01,75.6,0.0,302.41,231.38,2,2,0
ORD100120,DS002,Mumbai,Powai,2025-08-01 13:44:39,2025-08-01,13,Lunch,Clear,WalletCashback,Delivered,,R0026,20,13.47,1,195.06,9.75,25.0,210.31,135.4,4,4,0
ORD100121,DS002,Mumbai,Powai,2025-08-01 17:01:23,2025-08-01,17,Evening,Clear,Flash20,Delivered,,R0017,20,12.51,1,291.5,58.3,0.0,233.2,211.13,3,3,0
ORD100122,DS002,Mumbai,Powai,2025-08-01 19:15:21,2025-08-01,19,Evening,Clear,None,Partial,,R0018,20,13.86,1,276.49,0.0,0.0,276.49,206.7,2,1,1
ORD100123,DS002,Mumbai,Powai,2025-08-01 19:05:34,2025-08-01,19,Evening,Clear,None,Delivered,,R0021,20,9.51,1,137.46,0.0,25.0,162.46,96.87,2,2,0
ORD100124,DS002,Mumbai,Powai,2025-08-01 19:52:54,2025-08-01,19,Evening,Clear,BOGO,Delivered,,R0026,20,10.41,1,379.67,45.57,0.0,334.1,273.49,4,4,0
ORD100125,DS002,Mumbai,Powai,2025-08-01 12:31:08,2025-08-01,12,Lunch,Clear,None,Delivered,,R0019,20,9.19,1,586.01,0.0,0.0,586.01,376.04,4,4,0
ORD100126,DS002,Mumbai,Powai,2025-08-01 16:59:36,2025-08-01,16,Evening,Clear,Flat10,Delivered,,R0020,20,11.17,1,93.02,9.3,25.0,108.72,56.9,1,1,0
ORD100127,DS002,Mumbai,Powai,2025-08-01 12:33:45,2025-08-01,12,Lunch,Clear,None,Delivered,,R0024,20,13.95,1,417.19,0.0,0.0,417.19,291.69,3,3,0
ORD100128,DS002,Mumbai,Powai,2025-08-01 18:41:57,2025-08-01,18,Evening,Clear,None,Partial,,R0024,20,11.44,1,418.55,0.0,0.0,418.55,260.76,3,2,1
ORD100129,DS002,Mumbai,Powai,2025-08-01 21:27:39,2025-08-01,21,Late Night,Clear,None,Delivered,,R0020,20,12.89,1,37.17,0.0,25.0,62.17,29.85,1,1,0
ORD100130,DS002,Mumbai,Powai,2025-08-01 17:17:55,2025-08-01,17,Evening,Clear,None,Delivered,,R0017,20,11.56,1,304.71,0.0,0.0,304.71,203.65,4,4,0
ORD100131,DS002,Mumbai,Powai,2025-08-01 23:08:34,2025-08-01,23,Late Night,Clear,Flat10,Delivered,,R0019,20,14.28,1,256.51,25.65,0.0,230.86,166.57,3,3,0
ORD100132,DS002,Mumbai,Powai,2025-08-01 19:34:52,2025-08-01,19,Evening,Clear,Flat10,Delivered,,R0016,20,12.07,1,226.69,22.67,0.0,204.02,156.03,1,1,0
ORD100133,DS002,Mumbai,Powai,2025-08-01 09:40:10,2025-08-01,9,Morning,Clear,BOGO,Delivered,,R0016,20,5.77,1,668.2,116.0,0.0,552.2,460.89,3,3,0
ORD100134,DS002,Mumbai,Powai,2025-08-01 11:48:39,2025-08-01,11,Lunch,Clear,None,Delivered,,R0016,20,10.82,1,289.57,0.0,0.0,289.57,191.73,2,2,0
ORD100135,DS002,Mumbai,Powai,2025-08-01 12:40:54,2025-08-01,12,Lunch,Clear,Flash20,Delivered,,R0017,20,9.6,1,455.42,91.08,0.0,364.34,304.45,3,3,0
ORD100136,DS002,Mumbai,Powai,2025-08-01 19:13:42,2025-08-01,19,Evening,Clear,WalletCashback,Delivered,,R0018,20,10.43,1,108.57,5.43,25.0,128.14,65.37,1,1,0
ORD100137,DS002,Mumbai,Powai,2025-08-01 19:55:49,2025-08-01,19,Evening,Clear,None,Delivered,,R0020,20,15.0,1,261.09,0.0,0.0,261.09,157.16,4,4,0
ORD100138,DS002,Mumbai,Powai,2025-08-01 12:41:52,2025-08-01,12,Lunch,Clear,FreeDelivery,Delivered,,R0019,20,10.45,1,363.14,25.0,0.0,338.14,262.47,3,3,0
ORD100139,DS002,Mumbai,Powai,2025-08-01 12:15:08,2025-08-01,12,Lunch,Clear,BOGO,Delivered,,R0022,20,12.78,1,787.78,121.08,0.0,666.7,538.32,4,4,0
ORD100140,DS002,Mumbai,Powai,2025-08-01 16:27:37,2025-08-01,16,Evening,Clear,None,Delivered,,R0016,20,12.51,1,159.48,0.0,25.0,184.48,116.83,4,4,0
ORD100141,DS002,Mumbai,Powai,2025-08-01 12:36:14,2025-08-01,12,Lunch,Clear,None,Delivered,,R0019,20,12.55,1,194.53,0.0,25.0,219.53,139.16,1,1,0
ORD100142,DS002,Mumbai,Powai,2025-08-01 21:52:10,2025-08-01,21,Late Night,Clear,FreeDelivery,Delivered,,R0023,20,11.64,1,322.45,25.0,0.0,297.45,228.24,4,4,0
ORD100143,DS002,Mumbai,Powai,2025-08-01 18:00:27,2025-08-01,18,Evening,Clear,Flat10,Delivered,,R0023,20,15.02,1,223.17,22.32,0.0,200.85,156.03,1,1,0
ORD100144,DS002,Mumbai,Powai,2025-08-01 17:15:07,2025-08-01,17,Evening,Clear,BOGO,Delivered,,R0015,20,11.94,1,280.43,65.45,0.0,214.98,185.95,3,3,0
ORD100145,DS002,Mumbai,Powai,2025-08-01 19:04:42,2025-08-01,19,Evening,Clear,WalletCashback,Delivered,,R0026,20,14.16,1,137.82,6.89,25.0,155.93,102.45,2,2,0
ORD100146,DS002,Mumbai,Powai,2025-08-01 19:08:04,2025-08-01,19,Evening,Clear,BOGO,Partial,,R0025,20,13.39,1,299.48,63.01,0.0,236.47,201.23,3,2,1
ORD100147,DS002,Mumbai,Powai,2025-08-01 11:01:03,2025-08-01,11,Lunch,Clear,None,Delivered,,R0025,20,12.02,1,625.08,0.0,0.0,625.08,451.1,4,4,0
ORD100148,DS002,Mumbai,Powai,2025-08-01 08:25:14,2025-08-01,8,Morning,Clear,None,Delivered,,R0024,20,17.46,1,122.31,0.0,25.0,147.31,94.59,1,1,0
ORD100149,DS002,Mumbai,Powai,2025-08-01 13:16:50,2025-08-01,13,Lunch,Clear,Flash20,Delivered,,R0023,20,11.08,1,218.54,43.71,0.0,174.83,157.86,2,2,0
ORD100150,DS002,Mumbai,Powai,2025-08-01 11:00:07,2025-08-01,11,Lunch,Clear,FreeDelivery,Delivered,,R0019,20,8.15,1,55.8,25.0,0.0,30.8,34.64,1,1,0
ORD100151,DS002,Mumbai,Powai,2025-08-01 13:16:48,2025-08-01,13,Lunch,Clear,WalletCashback,Delivered,,R0016,20,12.03,1,183.86,9.19,25.0,199.66,120.88,2,2,0
ORD100152,DS002,Mumbai,Powai,2025-08-01 09:41:00,2025-08-01,9,Morning,Clear,None,Delivered,,R0016,20,10.79,1,87.1,0.0,25.0,112.1,63.72,2,2,0
ORD100153,DS002,Mumbai,Powai,2025-08-01 17:08:19,2025-08-01,17,Evening,Clear,None,Delivered,,R0016,20,16.2,1,244.58,0.0,0.0,244.58,158.04,3,3,0
ORD100154,DS002,Mumbai,Powai,2025-08-01 16:51:28,2025-08-01,16,Evening,Clear,None,Delivered,,R0018,20,10.41,1,374.31,0.0,0.0,374.31,273.46,1,1,0
ORD100155,DS002,Mumbai,Powai,2025-08-01 21:48:56,2025-08-01,21,Late Night,Clear,Flat10,Delivered,,R0023,20,12.0,1,502.19,50.22,0.0,451.98,338.11,4,4,0
ORD100156,DS002,Mumbai,Powai,2025-08-01 12:01:27,2025-08-01,12,Lunch,Clear,None,Delivered,,R0019,20,9.5,1,140.23,0.0,25.0,165.23,106.22,2,2,0
ORD100157,DS002,Mumbai,Powai,2025-08-01 19:19:23,2025-08-01,19,Evening,Clear,None,Delivered,,R0023,20,13.19,1,120.03,0.0,25.0,145.03,77.87,3,3,0
ORD100158,DS002,Mumbai,Powai,2025-08-01 10:22:26,2025-08-01,10,Morning,Clear,WalletCashback,Partial,,R0026,20,10.44,1,251.47,12.57,0.0,238.89,174.73,3,2,1
ORD100159,DS002,Mumbai,Powai,2025-08-01 14:56:08,2025-08-01,14,Lunch,Clear,None,Delivered,,R0026,20,12.98,1,520.59,0.0,0.0,520.59,402.75,2,2,0
ORD100160,DS002,Mumbai,Powai,2025-08-01 21:02:52,2025-08-01,21,Late Night,Clear,Flash20,Delivered,,R0023,20,9.79,1,246.25,49.25,0.0,197.0,176.2,2,2,0
ORD100161,DS002,Mumbai,Powai,2025-08-01 20:03:16,2025-08-01,20,Evening,Clear,None,Delivered,,R0017,20,7.44,1,766.67,0.0,0.0,766.67,518.13,4,4,0
ORD100162,DS002,Mumbai,Powai,2025-08-01 09:52:21,2025-08-01,9,Morning,Clear,WalletCashback,Delivered,,R0023,20,9.4,1,28.44,1.42,25.0,52.01,22.37,1,1,0
ORD100163,DS002,Mumbai,Powai,2025-08-01 23:38:46,2025-08-01,23,Late Night,Clear,FreeDelivery,Delivered,,R0015,20,11.63,1,38.35,25.0,0.0,13.35,29.75,1,1,0
ORD100164,DS002,Mumbai,Powai,2025-08-01 18:23:18,2025-08-01,18,Evening,Clear,None,Delivered,,R0026,20,14.51,1,538.53,0.0,0.0,538.53,394.64,4,4,0
ORD100165,DS002,Mumbai,Powai,2025-08-01 20:00:31,2025-08-01,20,Evening,Clear,None,Partial,,R0022,20,15.8,1,216.09,0.0,0.0,216.09,136.35,3,2,1
ORD100166,DS002,Mumbai,Powai,2025-08-01 23:14:58,2025-08-01,23,Late Night,Clear,WalletCashback,Delivered,,R0022,20,7.52,1,767.61,38.38,0.0,729.23,492.31,4,4,0
ORD100167,DS002,Mumbai,Powai,2025-08-01 19:42:36,2025-08-01,19,Evening,Clear,Flat10,Delivered,,R0026,20,9.17,1,27.38,2.74,25.0,49.65,16.04,1,1,0
ORD100168,DS002,Mumbai,Powai,2025-08-01 10:59:14,2025-08-01,10,Morning,Clear,WalletCashback,Delivered,,R0025,20,13.75,1,391.34,19.57,0.0,371.77,251.45,4,4,0
ORD100169,DS002,Mumbai,Powai,2025-08-01 19:59:08,2025-08-01,19,Evening,Clear,None,Partial,,R0024,20,10.76,1,324.31,0.0,0.0,324.31,194.83,4,3,1
ORD100170,DS002,Mumbai,Powai,2025-08-01 09:28:59,2025-08-01,9,Morning,Clear,WalletCashback,Delivered,,R0015,20,9.95,1,618.19,30.91,0.0,587.28,455.08,3,3,0
ORD100171,DS002,Mumbai,Powai,2025-08-01 20:54:36,2025-08-01,20,Evening,Clear,BOGO,Delivered,,R0016,20,12.06,1,269.77,29.42,0.0,240.36,192.78,2,2,0
ORD100172,DS002,Mumbai,Powai,2025-08-01 10:11:45,2025-08-01,10,Morning,Clear,Flat10,Partial,,R0024,20,10.47,1,589.02,58.9,0.0,530.12,420.03,4,2,1
ORD100173,DS002,Mumbai,Powai,2025-08-01 11:45:19,2025-08-01,11,Lunch,Clear,None,Delivered,,R0017,20,16.19,1,290.07,0.0,0.0,290.07,202.4,3,3,0
ORD100174,DS002,Mumbai,Powai,2025-08-01 12:02:20,2025-08-01,12,Lunch,Clear,Flash20,Delivered,,R0017,20,14.38,1,323.56,64.71,0.0,258.85,204.05,4,4,0
ORD100175,DS002,Mumbai,Powai,2025-08-01 14:45:17,2025-08-01,14,Lunch,Clear,None,Delivered,,R0021,20,9.89,1,310.54,0.0,0.0,310.54,213.46,2,2,0
ORD100176,DS002,Mumbai,Powai,2025-08-01 20:11:45,2025-08-01,20,Evening,Clear,FreeDelivery,Delivered,,R0021,20,9.82,1,492.2,25.0,0.0,467.2,331.4,3,3,0
ORD100177,DS003,Mumbai,Bandra,2025-08-01 17:54:10,2025-08-01,17,Evening,Clear,FreeDelivery,Delivered,,R0035,15,9.87,1,253.79,25.0,0.0,228.79,151.8,1,1,0
ORD100178,DS003,Mumbai,Bandra,2025-08-01 12:51:52,2025-08-01,12,Lunch,Clear,None,Delivered,,R0030,15,6.36,1,244.35,0.0,0.0,244.35,160.16,3,3,0
ORD100179,DS003,Mumbai,Bandra,2025-08-01 19:50:30,2025-08-01,19,Evening,Clear,None,Delivered,,R0034,15,14.27,1,38.81,0.0,25.0,63.81,26.07,1,1,0
ORD100180,DS003,Mumbai,Bandra,2025-08-01 19:06:57,2025-08-01,19,Evening,Clear,None,Delivered,,R0028,15,8.7,1,114.61,0.0,25.0,139.61,73.3,2,2,0
ORD100181,DS003,Mumbai,Bandra,2025-08-01 18:33:32,2025-08-01,18,Evening,Clear,Flash20,Delivered,,R0035,15,10.25,1,323.85,64.77,0.0,259.08,244.9,3,3,0
ORD100182,DS003,Mumbai,Bandra,2025-08-01 14:25:59,2025-08-01,14,Lunch,Clear,None,Delivered,,R0033,15,6.77,1,191.25,0.0,25.0,216.25,115.4,2,2,0
ORD100183,DS003,Mumbai,Bandra,2025-08-01 15:25:37,2025-08-01,15,Evening,Clear,None,Delivered,,R0034,15,9.21,1,388.33,0.0,0.0,388.33,251.43,3,3,0
ORD100184,DS003,Mumbai,Bandra,2025-08-01 14:30:16,2025-08-01,14,Lunch,Clear,None,Partial,,R0030,15,5.98,1,530.71,0.0,0.0,530.71,340.92,4,3,1
ORD100185,DS003,Mumbai,Bandra,2025-08-01 10:34:59,2025-08-01,10,Morning,Clear,None,Delivered,,R0038,15,6.52,1,54.37,0.0,25.0,79.37,33.04,1,1,0
ORD100186,DS003,Mumbai,Bandra,2025-08-01 08:34:59,2025-08-01,8,Morning,Clear,Flash20,Delivered,,R0033,15,7.72,1,593.63,118.73,0.0,474.9,431.86,4,4,0
ORD100187,DS003,Mumbai,Bandra,2025-08-01 20:32:09,2025-08-01,20,Evening,Clear,None,Delivered,,R0028,15,12.44,1,601.04,0.0,0.0,601.04,441.44,3,3,0
ORD100188,DS003,Mumbai,Bandra,2025-08-01 21:08:39,2025-08-01,21,Late Night,Clear,Flat10,Delivered,,R0035,15,7.38,1,409.29,40.93,0.0,368.36,297.31,3,3,0
ORD100189,DS003,Mumbai,Bandra,2025-08-01 20:05:51,2025-08-01,20,Evening,Clear,None,Delivered,,R0034,15,9.78,1,213.9,0.0,0.0,213.9,151.93,2,2,0
ORD100190,DS003,Mumbai,Bandra,2025-08-01 13:20:05,2025-08-01,13,Lunch,Clear,None,Delivered,,R0029,15,6.81,1,477.76,0.0,0.0,477.76,319.04,3,3,0
ORD100191,DS003,Mumbai,Bandra,2025-08-01 12:00:22,2025-08-01,12,Lunch,Clear,None,Delivered,,R0035,15,4.96,1,210.57,0.0,0.0,210.57,138.14,2,2,0
ORD100192,DS003,Mumbai,Bandra,2025-08-01 11:20:38,2025-08-01,11,Lunch,Clear,None,Delivered,,R0036,15,9.24,1,340.35,0.0,0.0,340.35,237.27,3,3,0
ORD100193,DS003,Mumbai,Bandra,2025-08-01 09:27:19,2025-08-01,9,Morning,Clear,None,Delivered,,R0036,15,7.28,1,407.47,0.0,0.0,407.47,274.76,3,3,0
ORD100194,DS003,Mumbai,Bandra,2025-08-01 13:50:02,2025-08-01,13,Lunch,Clear,None,Delivered,,R0033,15,8.38,1,245.55,0.0,0.0,245.55,169.88,4,4,0
ORD100195,DS003,Mumbai,Bandra,2025-08-01 22:44:42,2025-08-01,22,Late Night,Clear,None,Delivered,,R0036,15,9.85,1,132.56,0.0,25.0,157.56,97.86,2,2,0
ORD100196,DS003,Mumbai,Bandra,2025-08-01 18:24:26,2025-08-01,18,Evening,Clear,None,Delivered,,R0029,15,8.38,1,269.37,0.0,0.0,269.37,183.24,3,3,0
ORD100197,DS003,Mumbai,Bandra,2025-08-01 17:19:08,2025-08-01,17,Evening,Clear,BOGO,Delivered,,R0030,15,11.29,1,322.43,52.49,0.0,269.93,225.5,3,3,0
ORD100198,DS003,Mumbai,Bandra,2025-08-01 17:16:21,2025-08-01,17,Evening,Clear,None,Delivered,,R0035,15,12.3,1,736.24,0.0,0.0,736.24,522.33,4,4,0
ORD100199,DS003,Mumbai,Bandra,2025-08-01 19:38:23,2025-08-01,19,Evening,Clear,Flat10,Cancelled,Stockout,,15,,0,0.0,0.0,0.0,0.0,0.0,4,0,1
ORD100200,DS003,Mumbai,Bandra,2025-08-01 15:54:13,2025-08-01,15,Evening,Clear,Flat10,Delivered,,R0037,15,8.56,1,127.56,12.76,25.0,139.8,80.36,1,1,0
ORD100201,DS003,Mumbai,Bandra,2025-08-01 19:57:18,2025-08-01,19,Evening,Clear,None,Delivered,,R0036,15,6.71,1,369.21,0.0,0.0,369.21,242.3,4,4,0
ORD100202,DS003,Mumbai,Bandra,2025-08-01 12:59:31,2025-08-01,12,Lunch,Clear,None,Delivered,,R0029,15,11.67,1,136.44,0.0,25.0,161.44,91.02,1,1,0
ORD100203,DS003,Mumbai,Bandra,2025-08-01 11:40:03,2025-08-01,11,Lunch,Clear,None,Delivered,,R0027,15,8.65,1,343.45,0.0,0.0,343.45,261.41,3,3,0
ORD100204,DS003,Mumbai,Bandra,2025-08-01 20:42:36,2025-08-01,20,Evening,Clear,None,Delivered,,R0038,15,10.8,1,729.49,0.0,0.0,729.49,487.19,4,4,0
ORD100205,DS003,Mumbai,Bandra,2025-08-01 19:11:16,2025-08-01,19,Evening,Clear,None,Delivered,,R0027,15,9.9,1,343.41,0.0,0.0,343.41,236.11,2,2,0
ORD100206,DS003,Mumbai,Bandra,2025-08-01 16:19:25,2025-08-01,16,Evening,Clear,Flash20,Partial,,R0038,15,13.76,1,153.98,30.8,25.0,148.18,96.56,3,2,1
ORD100207,DS003,Mumbai,Bandra,2025-08-01 21:09:59,2025-08-01,21,Late Night,Clear,FreeDelivery,Delivered,,R0029,15,11.34,1,72.29,25.0,0.0,47.29,59.5,1,1,0
ORD100208,DS003,Mumbai,Bandra,2025-08-01 17:35:17,2025-08-01,17,Evening,Clear,None,Delivered,,R0027,15,13.34,1,576.55,0.0,0.0,576.55,418.7,3,3,0
ORD100209,DS003,Mumbai,Bandra,2025-08-01 14:51:35,2025-08-01,14,Lunch,Clear,Flat10,Cancelled,Rider unavailable,,15,,0,0.0,0.0,0.0,0.0,0.0,4,0,0
ORD100210,DS003,Mumbai,Bandra,2025-08-01 08:47:30,2025-08-01,8,Morning,Clear,Flash20,Delivered,,R0034,15,10.05,1,625.67,125.13,0.0,500.53,462.56,4,4,0
ORD100211,DS003,Mumbai,Bandra,2025-08-01 12:44:45,2025-08-01,12,Lunch,Clear,Flat10,Delivered,,R0035,15,11.09,1,118.9,11.89,25.0,132.01,79.31,3,3,0
ORD100212,DS003,Mumbai,Bandra,2025-08-01 08:53:57,2025-08-01,8,Morning,Clear,None,Delivered,,R0032,15,5.71,1,269.01,0.0,0.0,269.01,185.16,3,3,0
ORD100213,DS003,Mumbai,Bandra,2025-08-01 11:45:50,2025-08-01,11,Lunch,Clear,Flash20,Partial,,R0030,15,9.29,1,414.88,82.98,0.0,331.9,299.19,4,3,1
ORD100214,DS003,Mumbai,Bandra,2025-08-01 11:18:30,2025-08-01,11,Lunch,Clear,None,Delivered,,R0031,15,10.61,1,224.02,0.0,0.0,224.02,144.61,3,3,0
ORD100215,DS003,Mumbai,Bandra,2025-08-01 09:18:16,2025-08-01,9,Morning,Clear,WalletCashback,Partial,,R0029,15,8.0,1,37.31,1.87,25.0,60.44,29.85,2,1,1
ORD100216,DS003,Mumbai,Bandra,2025-08-01 10:20:40,2025-08-01,10,Morning,Clear,None,Delivered,,R0038,15,8.19,1,165.24,0.0,25.0,190.24,103.35,3,3,0
ORD100217,DS003,Mumbai,Bandra,2025-08-01 18:29:22,2025-08-01,18,Evening,Clear,None,Delivered,,R0027,15,10.08,1,298.93,0.0,0.0,298.93,191.72,3,3,0
ORD100218,DS003,Mumbai,Bandra,2025-08-01 15:21:01,2025-08-01,15,Evening,Clear,WalletCashback,Delivered,,R0032,15,14.09,1,387.82,19.39,0.0,368.43,264.5,2,2,0
ORD100219,DS003,Mumbai,Bandra,2025-08-01 20:58:07,2025-08-01,20,Evening,Clear,None,Delivered,,R0032,15,11.94,1,92.5,0.0,25.0,117.5,62.48,1,1,0
ORD100220,DS003,Mumbai,Bandra,2025-08-01 17:02:43,2025-08-01,17,Evening,Clear,BOGO,Partial,,R0038,15,5.62,1,201.65,50.41,0.0,151.24,142.28,4,3,1
ORD100221,DS003,Mumbai,Bandra,2025-08-01 12:13:04,2025-08-01,12,Lunch,Clear,BOGO,Delivered,,R0035,15,9.96,1,110.92,27.73,25.0,108.19,66.08,1,1,0
ORD100222,DS003,Mumbai,Bandra,2025-08-01 12:00:16,2025-08-01,12,Lunch,Clear,Flash20,Delivered,,R0034,15,9.39,1,154.9,30.98,25.0,148.92,104.02,1,1,0
ORD100223,DS003,Mumbai,Bandra,2025-08-01 13:26:50,2025-08-01,13,Lunch,Clear,None,Delivered,,R0027,15,10.44,1,220.94,0.0,0.0,220.94,155.23,2,2,0
ORD100224,DS003,Mumbai,Bandra,2025-08-01 20:38:51,2025-08-01,20,Evening,Clear,None,Delivered,,R0031,15,6.77,1,53.36,0.0,25.0,78.36,32.79,1,1,0
ORD100225,DS003,Mumbai,Bandra,2025-08-01 23:55:22,2025-08-01,23,Late Night,Clear,BOGO,Delivered,,R0030,15,7.73,1,691.64,95.26,0.0,596.38,488.22,3,3,0
ORD100226,DS003,Mumbai,Bandra,2025-08-01 21:12:45,2025-08-01,21,Late Night,Clear,WalletCashback,Delivered,,R0038,15,10.27,1,260.16,13.01,0.0,247.15,173.07,3,3,0
ORD100227,DS003,Mumbai,Bandra,2025-08-01 11:13:07,2025-08-01,11,Lunch,Clear,None,Delivered,,R0033,15,6.58,1,74.4,0.0,25.0,99.4,44.98,1,1,0
ORD100228,DS003,Mumbai,Bandra,2025-08-01 10:48:40,2025-08-01,10,Morning,Clear,None,Delivered,,R0028,15,8.21,1,294.2,0.0,0.0,294.2,229.74,1,1,0
ORD100229,DS003,Mumbai,Bandra,2025-08-01 17:04:06,2025-08-01,17,Evening,Clear,Flash20,Delivered,,R0030,15,8.72,1,276.75,55.35,0.0,221.4,178.62,2,2,0
ORD100230,DS003,Mumbai,Bandra,2025-08-01 21:56:02,2025-08-01,21,Late Night,Clear,Flash20,Delivered,,R0031,15,8.05,1,103.53,20.71,25.0,107.83,62.31,2,2,0
ORD100231,DS003,Mumbai,Bandra,2025-08-01 14:40:10,2025-08-01,14,Lunch,Clear,Flat10,Delivered,,R0031,15,10.02,1,506.61,50.66,0.0,455.95,321.36,2,2,0
ORD100232,DS003,Mumbai,Bandra,2025-08-01 21:26:34,2025-08-01,21,Late Night,Clear,None,Delivered,,R0031,15,5.28,1,607.0,0.0,0.0,607.0,437.04,4,4,0
ORD100233,DS003,Mumbai,Bandra,2025-08-01 18:44:11,2025-08-01,18,Evening,Clear,None,Delivered,,R0031,15,8.92,1,54.33,0.0,25.0,79.33,41.18,1,1,0
ORD100234,DS003,Mumbai,Bandra,2025-08-01 10:52:55,2025-08-01,10,Morning,Clear,Flat10,Delivered,,R0030,15,8.71,1,93.94,9.39,25.0,109.55,62.26,1,1,0
ORD100235,DS003,Mumbai,Bandra,2025-08-01 16:30:28,2025-08-01,16,Evening,Clear,None,Partial,,R0030,15,13.65,1,108.33,0.0,25.0,133.33,66.66,4,2,1
ORD100236,DS003,Mumbai,Bandra,2025-08-01 20:09:19,2025-08-01,20,Evening,Clear,BOGO,Delivered,,R0028,15,11.0,1,300.01,75.0,0.0,225.0,225.8,2,2,0
ORD100237,DS003,Mumbai,Bandra,2025-08-01 09:12:18,2025-08-01,9,Morning,Clear,Flash20,Delivered,,R0033,15,8.69,1,342.86,68.57,0.0,274.29,225.66,2,2,0
ORD100238,DS003,Mumbai,Bandra,2025-08-01 16:59:32,2025-08-01,16,Evening,Clear,Flat10,Delivered,,R0034,15,11.69,1,379.43,37.94,0.0,341.48,254.3,2,2,0
ORD100239,DS003,Mumbai,Bandra,2025-08-01 13:44:40,2025-08-01,13,Lunch,Clear,None,Delivered,,R0028,15,7.76,1,566.41,0.0,0.0,566.41,370.16,4,4,0
ORD100240,DS003,Mumbai,Bandra,2025-08-01 15:41:37,2025-08-01,15,Evening,Clear,None,Delivered,,R0029,15,8.72,1,186.24,0.0,25.0,211.24,141.33,3,3,0
ORD100241,DS003,Mumbai,Bandra,2025-08-01 12:34:40,2025-08-01,12,Lunch,Clear,None,Delivered,,R0034,15,7.44,1,408.3,0.0,0.0,408.3,256.79,4,4,0
ORD100242,DS003,Mumbai,Bandra,2025-08-01 19:53:42,2025-08-01,19,Evening,Clear,None,Delivered,,R0037,15,7.27,1,253.3,0.0,0.0,253.3,171.1,2,2,0
ORD100243,DS003,Mumbai,Bandra,2025-08-01 20:22:44,2025-08-01,20,Evening,Clear,Flat10,Delivered,,R0029,15,8.86,1,576.42,57.64,0.0,518.78,413.81,3,3,0
ORD100244,DS003,Mumbai,Bandra,2025-08-01 11:46:21,2025-08-01,11,Lunch,Clear,BOGO,Delivered,,R0033,15,4.51,1,478.29,95.69,0.0,382.59,312.01,4,4,0
ORD100245,DS003,Mumbai,Bandra,2025-08-01 13:14:40,2025-08-01,13,Lunch,Clear,None,Partial,,R0033,15,8.69,1,153.28,0.0,25.0,178.28,104.02,3,1,1
ORD100246,DS003,Mumbai,Bandra,2025-08-01 20:12:18,2025-08-01,20,Evening,Clear,WalletCashback,Delivered,,R0035,15,10.36,1,375.63,18.78,0.0,356.85,243.78,4,4,0
ORD100247,DS003,Mumbai,Bandra,2025-08-01 18:15:46,2025-08-01,18,Evening,Clear,None,Delivered,,R0030,15,6.89,1,587.37,0.0,0.0,587.37,376.05,4,4,0
ORD100248,DS003,Mumbai,Bandra,2025-08-01 18:38:47,2025-08-01,18,Evening,Clear,None,Delivered,,R0027,15,8.2,1,73.42,0.0,25.0,98.42,55.74,2,2,0
ORD100249,DS003,Mumbai,Bandra,2025-08-01 11:10:18,2025-08-01,11,Lunch,Clear,None,Delivered,,R0027,15,9.56,1,274.19,0.0,0.0,274.19,191.17,2,2,0
ORD100250,DS003,Mumbai,Bandra,2025-08-01 17:32:58,2025-08-01,17,Evening,Clear,None,Delivered,,R0032,15,13.09,1,224.68,0.0,0.0,224.68,162.91,3,3,0
ORD100251,DS003,Mumbai,Bandra,2025-08-01 13:08:54,2025-08-01,13,Lunch,Clear,None,Delivered,,R0027,15,4.0,1,746.16,0.0,0.0,746.16,492.18,3,3,0
ORD100252,DS003,Mumbai,Bandra,2025-08-01 18:41:36,2025-08-01,18,Evening,Clear,WalletCashback,Delivered,,R0034,15,9.55,1,291.16,14.56,0.0,276.61,193.69,4,4,0
ORD100253,DS003,Mumbai,Bandra,2025-08-01 18:33:18,2025-08-01,18,Evening,Clear,None,Delivered,,R0033,15,7.27,1,191.95,0.0,25.0,216.95,142.22,2,2,0
ORD100254,DS003,Mumbai,Bandra,2025-08-01 08:03:51,2025-08-01,8,Morning,Clear,Flash20,Delivered,,R0034,15,6.95,1,75.27,15.05,25.0,85.22,56.74,1,1,0
ORD100255,DS003,Mumbai,Bandra,2025-08-01 12:53:03,2025-08-01,12,Lunch,Clear,None,Delivered,,R0030,15,6.06,1,405.12,0.0,0.0,405.12,268.33,3,3,0
ORD100256,DS003,Mumbai,Bandra,2025-08-01 10:44:52,2025-08-01,10,Morning,Clear,BOGO,Partial,,R0029,15,7.95,1,80.37,13.39,25.0,91.97,57.99,2,1,1
ORD100257,DS003,Mumbai,Bandra,2025-08-01 09:40:07,2025-08-01,9,Morning,Clear,None,Delivered,,R0036,15,6.12,1,678.58,0.0,0.0,678.58,468.56,4,4,0
ORD100258,DS003,Mumbai,Bandra,2025-08-01 09:20:55,2025-08-01,9,Morning,Clear,None,Delivered,,R0027,15,6.11,1,291.55,0.0,0.0,291.55,207.6,3,3,0
ORD100259,DS003,Mumbai,Bandra,2025-08-01 15:56:08,2025-08-01,15,Evening,Clear,None,Delivered,,R0038,15,11.21,1,438.67,0.0,0.0,438.67,284.43,2,2,0
ORD100260,DS003,Mumbai,Bandra,2025-08-01 12:17:54,2025-08-01,12,Lunch,Clear,None,Partial,,R0031,15,8.21,1,73.02,0.0,25.0,98.02,52.14,2,1,1
ORD100261,DS003,Mumbai,Bandra,2025-08-01 14:25:31,2025-08-01,14,Lunch,Clear,Flat10,Delivered,,R0032,15,11.23,1,54.08,5.41,25.0,73.67,44.74,1,1,0
ORD100262,DS003,Mumbai,Bandra,2025-08-01 20:57:35,2025-08-01,20,Evening,Clear,WalletCashback,Delivered,,R0028,15,10.18,1,388.32,19.42,0.0,368.9,267.27,4,4,0
ORD100263,DS003,Mumbai,Bandra,2025-08-01 19:59:35,2025-08-01,19,Evening,Clear,FreeDelivery,Partial,,R0028,15,9.88,1,487.64,25.0,0.0,462.64,301.86,3,2,1
ORD100264,DS003,Mumbai,Bandra,2025-08-01 09:23:04,2025-08-01,9,Morning,Clear,None,Delivered,,R0036,15,9.49,1,324.36,0.0,0.0,324.36,221.17,4,4,0
ORD100265,DS003,Mumbai,Bandra,2025-08-01 20:14:16,2025-08-01,20,Evening,Clear,None,Delivered,,R0029,15,11.39,1,263.93,0.0,0.0,263.93,157.7,3,3,0
ORD100266,DS003,Mumbai,Bandra,2025-08-01 13:17:49,2025-08-01,13,Lunch,Clear,Flat10,Delivered,,R0028,15,10.31,1,116.07,11.61,25.0,129.46,86.76,1,1,0
ORD100267,DS003,Mumbai,Bandra,2025-08-01 10:29:59,2025-08-01,10,Morning,Clear,None,Delivered,,R0035,15,11.13,1,211.27,0.0,0.0,211.27,155.49,3,3,0
ORD100268,DS003,Mumbai,Bandra,2025-08-01 21:12:33,2025-08-01,21,Late Night,Clear,None,Delivered,,R0028,15,9.98,1,305.04,0.0,0.0,305.04,212.24,4,4,0
ORD100269,DS003,Mumbai,Bandra,2025-08-01 13:46:35,2025-08-01,13,Lunch,Clear,BOGO,Delivered,,R0027,15,13.48,1,53.51,13.38,25.0,65.13,41.18,1,1,0
ORD100270,DS003,Mumbai,Bandra,2025-08-01 21:00:07,2025-08-01,21,Late Night,Clear,FreeDelivery,Delivered,,R0028,15,9.55,1,377.29,25.0,0.0,352.29,254.57,3,3,0
ORD100271,DS003,Mumbai,Bandra,2025-08-01 19:49:16,2025-08-01,19,Evening,Clear,None,Delivered,,R0034,15,11.02,1,376.93,0.0,0.0,376.93,271.09,4,4,0
ORD100272,DS003,Mumbai,Bandra,2025-08-01 19:27:08,2025-08-01,19,Evening,Clear,None,Cancelled,Rider unavailable,,15,,0,0.0,0.0,0.0,0.0,0.0,3,0,0
ORD100273,DS003,Mumbai,Bandra,2025-08-01 08:23:21,2025-08-01,8,Morning,Clear,None,Delivered,,R0037,15,10.11,1,48.53,0.0,25.0,73.53,30.34,1,1,0
ORD100274,DS003,Mumbai,Bandra,2025-08-01 13:27:51,2025-08-01,13,Lunch,Clear,None,Delivered,,R0029,15,10.81,1,558.05,0.0,0.0,558.05,407.42,4,4,0
ORD100275,DS003,Mumbai,Bandra,2025-08-01 11:58:28,2025-08-01,11,Lunch,Clear,None,Delivered,,R0028,15,9.1,1,74.53,0.0,25.0,99.53,43.58,1,1,0
ORD100276,DS003,Mumbai,Bandra,2025-08-01 22:11:53,2025-08-01,22,Late Night,Clear,None,Partial,,R0037,15,9.79,1,294.2,0.0,0.0,294.2,188.08,4,3,1
ORD100277,DS003,Mumbai,Bandra,2025-08-01 09:17:19,2025-08-01,9,Morning,Clear,None,Delivered,,R0035,15,5.52,1,183.17,0.0,25.0,208.17,132.99,2,2,0
ORD100278,DS003,Mumbai,Bandra,2025-08-01 18:52:09,2025-08-01,18,Evening,Clear,None,Delivered,,R0035,15,8.64,1,531.65,0.0,0.0,531.65,359.65,3,3,0
ORD100279,DS003,Mumbai,Bandra,2025-08-01 17:04:17,2025-08-01,17,Evening,Clear,None,Delivered,,R0030,15,10.02,1,443.34,0.0,0.0,443.34,302.67,4,4,0
ORD100280,DS003,Mumbai,Bandra,2025-08-01 09:42:27,2025-08-01,9,Morning,Clear,None,Delivered,,R0027,15,9.86,1,417.1,0.0,0.0,417.1,272.73,3,3,0
ORD100281,DS003,Mumbai,Bandra,2025-08-01 12:03:14,2025-08-01,12,Lunch,Clear,None,Delivered,,R0030,15,9.59,1,297.57,0.0,0.0,297.57,203.66,2,2,0
ORD100282,DS003,Mumbai,Bandra,2025-08-01 18:49:13,2025-08-01,18,Evening,Clear,Flat10,Cancelled,Rider unavailable,,15,,0,0.0,0.0,0.0,0.0,0.0,4,0,0
ORD100283,DS003,Mumbai,Bandra,2025-08-01 10:31:02,2025-08-01,10,Morning,Clear,BOGO,Delivered,,R0029,15,10.44,1,197.28,0.0,25.0,222.28,136.73,1,1,0
ORD100284,DS003,Mumbai,Bandra,2025-08-01 21:30:34,2025-08-01,21,Late Night,Clear,Flat10,Delivered,,R0036,15,9.27,1,168.08,16.81,25.0,176.27,103.92,1,1,0
ORD100285,DS003,Mumbai,Bandra,2025-08-01 11:04:57,2025-08-01,11,Lunch,Clear,WalletCashback,Delivered,,R0028,15,5.94,1,417.05,20.85,0.0,396.2,275.35,4,4,0
ORD100286,DS003,Mumbai,Bandra,2025-08-01 18:32:46,2025-08-01,18,Evening,Clear,Flat10,Delivered,,R0036,15,11.85,1,94.55,9.45,25.0,110.09,62.53,2,2,0
ORD100287,DS003,Mumbai,Bandra,2025-08-01 18:52:59,2025-08-01,18,Evening,Clear,WalletCashback,Delivered,,R0037,15,10.65,1,165.81,8.29,25.0,182.52,114.31,2,2,0
ORD100288,DS003,Mumbai,Bandra,2025-08-01 19:18:53,2025-08-01,19,Evening,Clear,BOGO,Partial,,R0031,15,8.63,1,282.97,56.28,0.0,226.69,179.2,3,2,1
ORD100289,DS003,Mumbai,Bandra,2025-08-01 21:44:49,2025-08-01,21,Late Night,Clear,None,Delivered,,R0036,15,11.75,1,349.04,0.0,0.0,349.04,246.09,2,2,0
ORD100290,DS003,Mumbai,Bandra,2025-08-01 19:52:05,2025-08-01,19,Evening,Clear,FreeDelivery,Delivered,,R0036,15,11.05,1,878.27,25.0,0.0,853.27,619.85,4,4,0
ORD100291,DS003,Mumbai,Bandra,2025-08-01 19:36:44,2025-08-01,19,Evening,Clear,None,Delivered,,R0030,15,14.46,1,284.59,0.0,0.0,284.59,212.9,3,3,0
ORD100292,DS003,Mumbai,Bandra,2025-08-01 19:50:06,2025-08-01,19,Evening,Clear,None,Delivered,,R0034,15,11.99,1,18.52,0.0,25.0,43.52,14.64,1,1,0
ORD100293,DS004,Mumbai,Thane West,2025-08-01 15:32:04,2025-08-01,15,Evening,Clear,None,Delivered,,R0049,20,10.98,1,187.39,0.0,25.0,212.39,136.73,1,1,0
ORD100294,DS004,Mumbai,Thane West,2025-08-01 20:59:06,2025-08-01,20,Evening,Clear,None,Delivered,,R0049,20,15.74,1,77.87,0.0,25.0,102.87,44.98,1,1,0
ORD100295,DS004,Mumbai,Thane West,2025-08-01 18:44:34,2025-08-01,18,Evening,Clear,Flash20,Delivered,,R0043,20,11.1,1,183.36,36.67,25.0,171.69,121.47,2,2,0
ORD100296,DS004,Mumbai,Thane West,2025-08-01 13:12:13,2025-08-01,13,Lunch,Clear,Flash20,Cancelled,Payment failed,,20,,0,0.0,0.0,0.0,0.0,0.0,3,0,0
ORD100297,DS004,Mumbai,Thane West,2025-08-01 19:17:06,2025-08-01,19,Evening,Clear,Flash20,Delivered,,R0047,20,12.05,1,293.1,58.62,0.0,234.48,202.15,2,2,0
ORD100298,DS004,Mumbai,Thane West,2025-08-01 16:06:33,2025-08-01,16,Evening,Clear,None,Partial,,R0048,20,10.3,1,144.38,0.0,25.0,169.38,81.57,2,1,1
ORD100299,DS004,Mumbai,Thane West,2025-08-01 09:52:06,2025-08-01,9,Morning,Clear,None,Delivered,,R0051,20,9.69,1,432.58,0.0,0.0,432.58,301.64,4,4,0
ORD100300,DS004,Mumbai,Thane West,2025-08-01 15:30:27,2025-08-01,15,Evening,Clear,None,Delivered,,R0046,20,7.42,1,458.49,0.0,0.0,458.49,311.67,3,3,0
ORD100301,DS004,Mumbai,Thane West,2025-08-01 09:44:32,2025-08-01,9,Morning,Clear,FreeDelivery,Delivered,,R0042,20,10.84,1,55.89,25.0,0.0,30.89,32.79,1,1,0
ORD100302,DS004,Mumbai,Thane West,2025-08-01 13:37:40,2025-08-01,13,Lunch,Clear,None,Delivered,,R0047,20,7.91,1,489.08,0.0,0.0,489.08,325.55,3,3,0
ORD100303,DS004,Mumbai,Thane West,2025-08-01 17:33:09,2025-08-01,17,Evening,Clear,None,Delivered,,R0048,20,11.17,1,37.56,0.0,25.0,62.56,29.28,1,1,0
ORD100304,DS004,Mumbai,Thane West,2025-08-01 09:59:09,2025-08-01,9,Morning,Clear,Flash20,Delivered,,R0041,20,15.59,1,1095.91,219.18,0.0,876.73,789.01,3,3,0
ORD100305,DS004,Mumbai,Thane West,2025-08-01 12:44:13,2025-08-01,12,Lunch,Clear,None,Delivered,,R0039,20,7.26,1,436.73,0.0,0.0,436.73,312.0,2,2,0
ORD100306,DS004,Mumbai,Thane West,2025-08-01 12:50:15,2025-08-01,12,Lunch,Clear,None,Delivered,,R0051,20,9.11,1,28.0,0.0,25.0,53.0,16.89,1,1,0
ORD100307,DS004,Mumbai,Thane West,2025-08-01 20:19:18,2025-08-01,20,Evening,Clear,None,Partial,,R0041,20,6.67,1,27.1,0.0,25.0,52.1,20.59,2,1,1
ORD100308,DS004,Mumbai,Thane West,2025-08-01 17:01:39,2025-08-01,17,Evening,Clear,None,Delivered,,R0041,20,12.31,1,54.68,0.0,25.0,79.68,37.05,1,1,0
ORD100309,DS004,Mumbai,Thane West,2025-08-01 13:58:25,2025-08-01,13,Lunch,Clear,Flat10,Delivered,,R0042,20,10.49,1,147.12,14.71,25.0,157.41,113.96,1,1,0
ORD100310,DS004,Mumbai,Thane West,2025-08-01 10:58:02,2025-08-01,10,Morning,Clear,Flat10,Delivered,,R0045,20,9.33,1,262.82,26.28,0.0,236.53,171.64,2,2,0
ORD100311,DS004,Mumbai,Thane West,2025-08-01 18:10:20,2025-08-01,18,Evening,Clear,None,Delivered,,R0042,20,8.96,1,145.43,0.0,25.0,170.43,100.04,1,1,0
ORD100312,DS004,Mumbai,Thane West,2025-08-01 12:16:57,2025-08-01,12,Lunch,Clear,None,Delivered,,R0046,20,5.41,1,579.13,0.0,0.0,579.13,385.93,4,4,0
ORD100313,DS004,Mumbai,Thane West,2025-08-01 08:02:18,2025-08-01,8,Morning,Clear,BOGO,Delivered,,R0044,20,12.14,1,548.79,109.0,0.0,439.79,365.81,4,4,0
ORD100314,DS004,Mumbai,Thane West,2025-08-01 08:58:31,2025-08-01,8,Morning,Clear,Flash20,Cancelled,Customer,,20,,0,0.0,0.0,0.0,0.0,0.0,3,0,0
ORD100315,DS004,Mumbai,Thane West,2025-08-01 14:28:47,2025-08-01,14,Lunch,Clear,None,Delivered,,R0044,20,11.3,1,453.22,0.0,0.0,453.22,321.69,4,4,0
ORD100316,DS004,Mumbai,Thane West,2025-08-01 11:41:32,2025-08-01,11,Lunch,Clear,None,Delivered,,R0040,20,4.0,1,147.46,0.0,25.0,172.46,103.44,2,2,0
ORD100317,DS004,Mumbai,Thane West,2025-08-01 12:26:21,2025-08-01,12,Lunch,Clear,None,Delivered,,R0041,20,8.61,1,267.37,0.0,0.0,267.37,198.42,3,3,0
ORD100318,DS004,Mumbai,Thane West,2025-08-01 14:18:21,2025-08-01,14,Lunch,Clear,WalletCashback,Delivered,,R0049,20,6.57,1,238.01,11.9,0.0,226.11,167.83,3,3,0
ORD100319,DS004,Mumbai,Thane West,2025-08-01 12:36:35,2025-08-01,12,Lunch,Clear,None,Delivered,,R0049,20,8.63,1,91.81,0.0,25.0,116.81,62.26,1,1,0
ORD100320,DS004,Mumbai,Thane West,2025-08-01 09:59:50,2025-08-01,9,Morning,Clear,Flat10,Delivered,,R0045,20,6.25,1,701.04,70.1,0.0,630.94,474.51,4,4,0
ORD100321,DS004,Mumbai,Thane West,2025-08-01 13:50:02,2025-08-01,13,Lunch,Clear,None,Delivered,,R0051,20,7.17,1,161.52,0.0,25.0,186.52,102.99,3,3,0
ORD100322,DS004,Mumbai,Thane West,2025-08-01 17:50:15,2025-08-01,17,Evening,Clear,None,Delivered,,R0050,20,8.53,1,367.39,0.0,0.0,367.39,217.2,2,2,0
ORD100323,DS004,Mumbai,Thane West,2025-08-01 15:24:17,2025-08-01,15,Evening,Clear,Flat10,Delivered,,R0048,20,10.34,1,703.39,70.34,0.0,633.05,524.39,4,4,0
ORD100324,DS004,Mumbai,Thane West,2025-08-01 11:25:23,2025-08-01,11,Lunch,Clear,BOGO,Delivered,,R0041,20,9.18,1,242.52,42.0,0.0,200.52,147.04,3,3,0
ORD100325,DS004,Mumbai,Thane West,2025-08-01 12:52:08,2025-08-01,12,Lunch,Clear,FreeDelivery,Delivered,,R0045,20,9.48,1,36.31,25.0,0.0,11.31,26.65,1,1,0
ORD100326,DS004,Mumbai,Thane West,2025-08-01 17:09:32,2025-08-01,17,Evening,Clear,None,Delivered,,R0045,20,10.27,1,277.33,0.0,0.0,277.33,178.08,4,4,0
ORD100327,DS004,Mumbai,Thane West,2025-08-01 16:41:40,2025-08-01,16,Evening,Clear,Flash20,Delivered,,R0052,20,14.02,1,92.45,18.49,25.0,98.96,69.97,2,2,0
ORD100328,DS004,Mumbai,Thane West,2025-08-01 20:18:14,2025-08-01,20,Evening,Clear,None,Delivered,,R0040,20,9.97,1,283.57,0.0,0.0,283.57,190.94,3,3,0
ORD100329,DS004,Mumbai,Thane West,2025-08-01 16:43:05,2025-08-01,16,Evening,Clear,None,Delivered,,R0042,20,11.41,1,200.81,0.0,0.0,200.81,130.4,3,3,0
ORD100330,DS004,Mumbai,Thane West,2025-08-01 12:25:25,2025-08-01,12,Lunch,Clear,Flash20,Cancelled,Store closed,,20,,0,0.0,0.0,0.0,0.0,0.0,2,0,0
ORD100331,DS004,Mumbai,Thane West,2025-08-01 23:21:15,2025-08-01,23,Late Night,Clear,Flat10,Delivered,,R0052,20,10.28,1,253.7,25.37,0.0,228.33,161.67,2,2,0
ORD100332,DS004,Mumbai,Thane West,2025-08-01 09:46:53,2025-08-01,9,Morning,Clear,None,Cancelled,Rider unavailable,,20,,0,0.0,0.0,0.0,0.0,0.0,4,0,0
ORD100333,DS004,Mumbai,Thane West,2025-08-01 11:06:20,2025-08-01,11,Lunch,Clear,FreeDelivery,Delivered,,R0039,20,7.6,1,47.09,25.0,0.0,22.09,31.24,1,1,0
ORD100334,DS004,Mumbai,Thane West,2025-08-01 11:27:07,2025-08-01,11,Lunch,Clear,Flat10,Delivered,,R0050,20,7.72,1,175.48,17.55,25.0,182.93,129.21,1,1,0
ORD100335,DS004,Mumbai,Thane West,2025-08-01 17:02:43,2025-08-01,17,Evening,Clear,None,Delivered,,R0046,20,9.82,1,459.54,0.0,0.0,459.54,347.31,2,2,0
ORD100336,DS004,Mumbai,Thane West,2025-08-01 14:56:55,2025-08-01,14,Lunch,Clear,Flat10,Delivered,,R0048,20,4.76,1,264.36,26.44,0.0,237.92,184.2,3,3,0
ORD100337,DS004,Mumbai,Thane West,2025-08-01 11:44:20,2025-08-01,11,Lunch,Clear,None,Delivered,,R0042,20,7.81,1,318.46,0.0,0.0,318.46,180.69,2,2,0
ORD100338,DS004,Mumbai,Thane West,2025-08-01 08:50:06,2025-08-01,8,Morning,Clear,None,Partial,,R0049,20,12.15,1,78.15,0.0,25.0,103.15,52.01,2,1,1
ORD100339,DS004,Mumbai,Thane West,2025-08-01 14:10:51,2025-08-01,14,Lunch,Clear,None,Delivered,,R0044,20,8.96,1,0.0,0.0,25.0,25.0,0.0,1,0,1
ORD100340,DS004,Mumbai,Thane West,2025-08-01 18:12:39,2025-08-01,18,Evening,Clear,None,Delivered,,R0053,20,4.24,1,736.49,0.0,0.0,736.49,462.12,3,3,0
ORD100341,DS004,Mumbai,Thane West,2025-08-01 13:54:44,2025-08-01,13,Lunch,Clear,FreeDelivery,Delivered,,R0053,20,9.95,1,337.89,25.0,0.0,312.89,229.72,3,3,0
ORD100342,DS004,Mumbai,Thane West,2025-08-01 11:28:53,2025-08-01,11,Lunch,Clear,None,Delivered,,R0047,20,10.58,1,600.25,0.0,0.0,600.25,423.86,4,4,0
ORD100343,DS004,Mumbai,Thane West,2025-08-01 15:46:03,2025-08-01,15,Evening,Clear,WalletCashback,Delivered,,R0040,20,11.11,1,593.02,29.65,0.0,563.36,408.51,4,4,0
ORD100344,DS004,Mumbai,Thane West,2025-08-01 18:37:22,2025-08-01,18,Evening,Clear,BOGO,Delivered,,R0050,20,12.19,1,222.53,18.53,0.0,204.0,152.52,4,4,0
ORD100345,DS004,Mumbai,Thane West,2025-08-01 17:13:47,2025-08-01,17,Evening,Clear,None,Delivered,,R0047,20,8.45,1,127.33,0.0,25.0,152.33,99.6,2,2,0
ORD100346,DS004,Mumbai,Thane West,2025-08-01 14:54:50,2025-08-01,14,Lunch,Clear,Flash20,Cancelled,Rider unavailable,,20,,0,0.0,0.0,0.0,0.0,0.0,1,0,0
ORD100347,DS004,Mumbai,Thane West,2025-08-01 21:35:57,2025-08-01,21,Late Night,Clear,None,Delivered,,R0043,20,4.55,1,398.71,0.0,0.0,398.71,265.7,3,3,0
ORD100348,DS004,Mumbai,Thane West,2025-08-01 13:22:34,2025-08-01,13,Lunch,Clear,None,Delivered,,R0053,20,7.76,1,595.95,0.0,0.0,595.95,385.68,3,3,0
ORD100349,DS004,Mumbai,Thane West,2025-08-01 14:09:19,2025-08-01,14,Lunch,Clear,None,Delivered,,R0040,20,8.32,1,405.42,0.0,0.0,405.42,271.91,3,3,0
ORD100350,DS004,Mumbai,Thane West,2025-08-01 22:07:22,2025-08-01,22,Late Night,Clear,FreeDelivery,Partial,,R0046,20,9.89,1,459.56,25.0,0.0,434.56,299.31,3,2,1
ORD100351,DS004,Mumbai,Thane West,2025-08-01 23:53:53,2025-08-01,23,Late Night,Clear,BOGO,Delivered,,R0053,20,5.14,1,231.86,28.09,0.0,203.77,161.05,3,3,0
ORD100352,DS004,Mumbai,Thane West,2025-08-01 13:35:12,2025-08-01,13,Lunch,Clear,None,Cancelled,Rider unavailable,,20,,0,0.0,0.0,0.0,0.0,0.0,2,0,0
ORD100353,DS004,Mumbai,Thane West,2025-08-01 17:38:31,2025-08-01,17,Evening,Clear,Flat10,Partial,,R0039,20,7.54,1,278.14,27.81,0.0,250.33,166.18,3,2,1
ORD100354,DS004,Mumbai,Thane West,2025-08-01 18:16:37,2025-08-01,18,Evening,Clear,None,Delivered,,R0047,20,8.72,1,481.37,0.0,0.0,481.37,336.23,4,4,0
ORD100355,DS004,Mumbai,Thane West,2025-08-01 19:39:04,2025-08-01,19,Evening,Clear,WalletCashback,Delivered,,R0053,20,7.83,1,308.69,15.43,0.0,293.26,203.11,3,3,0
ORD100356,DS004,Mumbai,Thane West,2025-08-01 18:34:41,2025-08-01,18,Evening,Clear,BOGO,Delivered,,R0044,20,12.05,1,328.25,51.66,0.0,276.6,230.9,3,3,0
ORD100357,DS004,Mumbai,Thane West,2025-08-01 18:07:25,2025-08-01,18,Evening,Clear,None,Delivered,,R0049,20,10.04,1,341.71,0.0,0.0,341.71,208.3,3,3,0
ORD100358,DS004,Mumbai,Thane West,2025-08-01 22:14:17,2025-08-01,22,Late Night,Clear,None,Delivered,,R0040,20,7.5,1,166.15,0.0,25.0,191.15,103.43,3,3,0
ORD100359,DS004,Mumbai,Thane West,2025-08-01 21:15:15,2025-08-01,21,Late Night,Clear,Flash20,Delivered,,R0047,20,8.32,1,257.98,51.6,0.0,206.38,157.7,3,3,0
ORD100360,DS004,Mumbai,Thane West,2025-08-01 22:04:35,2025-08-01,22,Late Night,Clear,BOGO,Cancelled,Payment failed,,20,,0,0.0,0.0,0.0,0.0,0.0,1,0,0
ORD100361,DS004,Mumbai,Thane West,2025-08-01 17:01:30,2025-08-01,17,Evening,Clear,FreeDelivery,Cancelled,Stockout,,20,,0,0.0,0.0,0.0,0.0,0.0,4,0,1
ORD100362,DS004,Mumbai,Thane West,2025-08-01 19:15:53,2025-08-01,19,Evening,Clear,WalletCashback,Delivered,,R0041,20,11.99,1,36.15,1.81,25.0,59.34,26.07,1,1,0
ORD100363,DS004,Mumbai,Thane West,2025-08-01 22:19:13,2025-08-01,22,Late Night,Clear,None,Partial,,R0051,20,9.13,1,128.78,0.0,25.0,153.78,92.51,4,3,1
ORD100364,DS004,Mumbai,Thane West,2025-08-01 16:14:47,2025-08-01,16,Evening,Clear,None,Delivered,,R0048,20,7.48,1,743.66,0.0,0.0,743.66,511.89,4,4,0
ORD100365,DS004,Mumbai,Thane West,2025-08-01 13:28:04,2025-08-01,13,Lunch,Clear,None,Cancelled,Store closed,,20,,0,0.0,0.0,0.0,0.0,0.0,1,0,0
ORD100366,DS004,Mumbai,Thane West,2025-08-01 09:16:57,2025-08-01,9,Morning,Clear,Flat10,Delivered,,R0047,20,9.02,1,320.86,32.09,0.0,288.77,208.65,3,3,0
ORD100367,DS004,Mumbai,Thane West,2025-08-01 12:52:58,2025-08-01,12,Lunch,Clear,None,Delivered,,R0049,20,7.96,1,521.75,0.0,0.0,521.75,376.92,4,4,0
ORD100368,DS004,Mumbai,Thane West,2025-08-01 13:20:45,2025-08-01,13,Lunch,Clear,BOGO,Delivered,,R0044,20,9.25,1,183.75,24.13,25.0,184.62,137.08,2,2,0
ORD100369,DS004,Mumbai,Thane West,2025-08-01 17:26:25,2025-08-01,17,Evening,Clear,FreeDelivery,Partial,,R0039,20,10.49,1,304.92,25.0,0.0,279.92,237.66,4,3,1
ORD100370,DS004,Mumbai,Thane West,2025-08-01 12:24:38,2025-08-01,12,Lunch,Clear,None,Delivered,,R0046,20,8.26,1,121.65,0.0,25.0,146.65,79.33,2,2,0
ORD100371,DS004,Mumbai,Thane West,2025-08-01 13:52:00,2025-08-01,13,Lunch,Clear,FreeDelivery,Delivered,,R0050,20,12.5,1,314.38,25.0,0.0,289.38,204.28,4,4,0
ORD100372,DS004,Mumbai,Thane West,2025-08-01 18:08:42,2025-08-01,18,Evening,Clear,None,Delivered,,R0053,20,9.74,1,36.48,0.0,25.0,61.48,27.39,1,1,0
ORD100373,DS004,Mumbai,Thane West,2025-08-01 18:21:49,2025-08-01,18,Evening,Clear,Flash20,Delivered,,R0045,20,12.87,1,344.26,68.85,0.0,275.41,223.49,2,2,0
ORD100374,DS005,Delhi NCR,Saket,2025-08-01 15:23:54,2025-08-01,15,Evening,Clear,BOGO,Partial,,R0060,15,8.86,1,80.42,13.4,25.0,92.02,64.47,2,1,1
ORD100375,DS005,Delhi NCR,Saket,2025-08-01 12:50:42,2025-08-01,12,Lunch,Clear,Flash20,Delivered,,R0061,15,9.71,1,75.58,15.12,25.0,85.46,53.3,1,1,0
ORD100376,DS005,Delhi NCR,Saket,2025-08-01 21:20:47,2025-08-01,21,Late Night,Clear,None,Delivered,,R0056,15,8.45,1,304.9,0.0,0.0,304.9,190.3,2,2,0
ORD100377,DS005,Delhi NCR,Saket,2025-08-01 18:27:06,2025-08-01,18,Evening,Clear,None,Delivered,,R0056,15,12.85,1,484.24,0.0,0.0,484.24,370.75,4,4,0
ORD100378,DS005,Delhi NCR,Saket,2025-08-01 19:32:20,2025-08-01,19,Evening,Clear,FreeDelivery,Delivered,,R0055,15,8.06,1,203.55,25.0,0.0,178.55,136.74,2,2,0
ORD100379,DS005,Delhi NCR,Saket,2025-08-01 12:32:37,2025-08-01,12,Lunch,Clear,None,Delivered,,R0058,15,9.33,1,426.23,0.0,0.0,426.23,282.21,4,4,0
ORD100380,DS005,Delhi NCR,Saket,2025-08-01 20:25:11,2025-08-01,20,Evening,Clear,None,Delivered,,R0059,15,8.01,1,334.39,0.0,0.0,334.39,222.15,4,4,0
ORD100381,DS005,Delhi NCR,Saket,2025-08-01 10:32:28,2025-08-01,10,Morning,Clear,None,Delivered,,R0061,15,7.1,1,35.92,0.0,25.0,60.92,29.75,1,1,0
ORD100382,DS005,Delhi NCR,Saket,2025-08-01 19:59:56,2025-08-01,19,Evening,Clear,None,Delivered,,R0062,15,11.81,1,514.11,0.0,0.0,514.11,366.44,3,3,0
ORD100383,DS005,Delhi NCR,Saket,2025-08-01 10:27:09,2025-08-01,10,Morning,Clear,None,Delivered,,R0065,15,9.58,1,95.01,0.0,25.0,120.01,72.23,1,1,0
ORD100384,DS005,Delhi NCR,Saket,2025-08-01 18:49:44,2025-08-01,18,Evening,Clear,None,Delivered,,R0057,15,10.24,1,451.81,0.0,0.0,451.81,281.26,3,3,0
ORD100385,DS005,Delhi NCR,Saket,2025-08-01 18:25:44,2025-08-01,18,Evening,Clear,Flat10,Delivered,,R0056,15,9.75,1,292.09,29.21,0.0,262.88,187.9,4,4,0
ORD100386,DS005,Delhi NCR,Saket,2025-08-01 16:26:16,2025-08-01,16,Evening,Clear,None,Delivered,,R0057,15,12.1,1,223.87,0.0,0.0,223.87,158.09,2,2,0
ORD100387,DS005,Delhi NCR,Saket,2025-08-01 10:45:00,2025-08-01,10,Morning,Clear,BOGO,Delivered,,R0064,15,6.77,1,360.18,47.1,0.0,313.09,261.1,4,4,0
ORD100388,DS005,Delhi NCR,Saket,2025-08-01 16:02:52,2025-08-01,16,Evening,Clear,BOGO,Delivered,,R0055,15,13.15,1,668.18,106.74,0.0,561.44,433.2,4,4,0
ORD100389,DS005,Delhi NCR,Saket,2025-08-01 12:07:27,2025-08-01,12,Lunch,Clear,None,Partial,,R0054,15,8.08,1,507.17,0.0,0.0,507.17,371.2,4,3,1
ORD100390,DS005,Delhi NCR,Saket,2025-08-01 10:17:03,2025-08-01,10,Morning,Clear,None,Delivered,,R0065,15,5.33,1,113.7,0.0,25.0,138.7,71.61,2,2,0
ORD100391,DS005,Delhi NCR,Saket,2025-08-01 08:42:01,2025-08-01,8,Morning,Clear,None,Delivered,,R0064,15,13.03,1,361.01,0.0,0.0,361.01,227.7,1,1,0
ORD100392,DS005,Delhi NCR,Saket,2025-08-01 14:02:22,2025-08-01,14,Lunch,Clear,WalletCashback,Delivered,,R0054,15,8.91,1,393.54,19.68,0.0,373.87,280.23,4,4,0
ORD100393,DS005,Delhi NCR,Saket,2025-08-01 18:44:22,2025-08-01,18,Evening,Clear,None,Delivered,,R0064,15,12.17,1,110.54,0.0,25.0,135.54,66.38,2,2,0
ORD100394,DS005,Delhi NCR,Saket,2025-08-01 09:22:50,2025-08-01,9,Morning,Clear,None,Delivered,,R0058,15,7.39,1,137.27,0.0,25.0,162.27,88.82,3,3,0
ORD100395,DS005,Delhi NCR,Saket,2025-08-01 13:58:19,2025-08-01,13,Lunch,Clear,BOGO,Delivered,,R0055,15,8.65,1,344.64,46.39,0.0,298.26,271.04,3,3,0
ORD100396,DS005,Delhi NCR,Saket,2025-08-01 19:28:22,2025-08-01,19,Evening,Clear,Flat10,Delivered,,R0065,15,9.27,1,376.58,37.66,0.0,338.92,267.93,3,3,0
ORD100397,DS005,Delhi NCR,Saket,2025-08-01 16:20:40,2025-08-01,16,Evening,Clear,None,Delivered,,R0065,15,7.12,1,119.73,0.0,25.0,144.73,76.86,2,2,0
ORD100398,DS005,Delhi NCR,Saket,2025-08-01 18:33:01,2025-08-01,18,Evening,Clear,None,Delivered,,R0059,15,12.62,1,94.05,0.0,25.0,119.05,64.76,2,2,0
ORD100399,DS005,Delhi NCR,Saket,2025-08-01 14:25:11,2025-08-01,14,Lunch,Clear,WalletCashback,Delivered,,R0054,15,5.65,1,591.91,29.6,0.0,562.31,366.87,2,2,0
ORD100400,DS005,Delhi NCR,Saket,2025-08-01 14:49:33,2025-08-01,14,Lunch,Clear,None,Delivered,,R0061,15,7.74,1,658.54,0.0,0.0,658.54,448.77,3,3,0
ORD100401,DS005,Delhi NCR,Saket,2025-08-01 14:50:02,2025-08-01,14,Lunch,Clear,None,Cancelled,Stockout,,15,,0,0.0,0.0,0.0,0.0,0.0,4,0,1
ORD100402,DS005,Delhi NCR,Saket,2025-08-01 22:05:18,2025-08-01,22,Late Night,Clear,None,Delivered,,R0054,15,7.76,1,141.17,0.0,25.0,166.17,84.76,3,3,0
ORD100403,DS005,Delhi NCR,Saket,2025-08-01 11:30:48,2025-08-01,11,Lunch,Clear,Flat10,Delivered,,R0057,15,10.63,1,122.43,12.24,25.0,135.18,80.02,2,2,0
ORD100404,DS005,Delhi NCR,Saket,2025-08-01 13:17:56,2025-08-01,13,Lunch,Clear,None,Delivered,,R0060,15,9.64,1,900.39,0.0,0.0,900.39,649.36,4,4,0
ORD100405,DS005,Delhi NCR,Saket,2025-08-01 22:11:26,2025-08-01,22,Late Night,Clear,None,Cancelled,Stockout,,15,,0,0.0,0.0,0.0,0.0,0.0,3,0,1
ORD100406,DS005,Delhi NCR,Saket,2025-08-01 12:35:07,2025-08-01,12,Lunch,Clear,None,Delivered,,R0064,15,8.76,1,289.33,0.0,0.0,289.33,189.04,3,3,0
ORD100407,DS005,Delhi NCR,Saket,2025-08-01 19:29:44,2025-08-01,19,Evening,Clear,None,Partial,,R0055,15,10.53,1,55.51,0.0,25.0,80.51,40.04,2,1,1
ORD100408,DS005,Delhi NCR,Saket,2025-08-01 08:16:06,2025-08-01,8,Morning,Clear,BOGO,Delivered,,R0062,15,8.65,1,131.01,18.4,25.0,137.61,93.37,2,2,0
ORD100409,DS005,Delhi NCR,Saket,2025-08-01 17:10:04,2025-08-01,17,Evening,Clear,FreeDelivery,Delivered,,R0057,15,10.21,1,536.76,25.0,0.0,511.76,379.01,4,4,0
ORD100410,DS005,Delhi NCR,Saket,2025-08-01 18:25:40,2025-08-01,18,Evening,Clear,Flash20,Delivered,,R0059,15,11.73,1,161.46,32.29,25.0,154.17,111.96,2,2,0
ORD100411,DS005,Delhi NCR,Saket,2025-08-01 11:46:13,2025-08-01,11,Lunch,Clear,None,Delivered,,R0056,15,7.52,1,111.03,0.0,25.0,136.03,65.37,1,1,0
ORD100412,DS005,Delhi NCR,Saket,2025-08-01 12:26:54,2025-08-01,12,Lunch,Clear,Flat10,Delivered,,R0065,15,9.85,1,289.54,28.95,0.0,260.58,187.67,3,3,0
ORD100413,DS005,Delhi NCR,Saket,2025-08-01 20:48:05,2025-08-01,20,Evening,Clear,None,Delivered,,R0058,15,10.41,1,207.32,0.0,0.0,207.32,148.1,2,2,0
ORD100414,DS005,Delhi NCR,Saket,2025-08-01 19:58:45,2025-08-01,19,Evening,Clear,FreeDelivery,Delivered,,R0058,15,7.54,1,113.87,25.0,0.0,88.87,78.21,1,1,0
ORD100415,DS005,Delhi NCR,Saket,2025-08-01 15:08:11,2025-08-01,15,Evening,Clear,FreeDelivery,Cancelled,Store closed,,15,,0,0.0,0.0,0.0,0.0,0.0,1,0,0
ORD100416,DS005,Delhi NCR,Saket,2025-08-01 19:46:24,2025-08-01,19,Evening,Clear,Flash20,Delivered,,R0059,15,11.23,1,265.82,53.16,0.0,212.66,168.36,3,3,0
ORD100417,DS005,Delhi NCR,Saket,2025-08-01 16:14:43,2025-08-01,16,Evening,Clear,BOGO,Partial,,R0054,15,10.02,1,56.1,14.03,25.0,67.08,44.74,2,1,1
ORD100418,DS005,Delhi NCR,Saket,2025-08-01 20:24:53,2025-08-01,20,Evening,Clear,FreeDelivery,Delivered,,R0062,15,7.79,1,180.09,25.0,0.0,155.09,124.59,2,2,0
ORD100419,DS005,Delhi NCR,Saket,2025-08-01 19:34:52,2025-08-01,19,Evening,Clear,Flat10,Delivered,,R0060,15,8.9,1,38.24,3.82,25.0,59.41,27.39,1,1,0
ORD100420,DS005,Delhi NCR,Saket,2025-08-01 15:47:59,2025-08-01,15,Evening,Clear,None,Cancelled,Stockout,,15,,0,0.0,0.0,0.0,0.0,0.0,4,0,1
ORD100421,DS005,Delhi NCR,Saket,2025-08-01 12:27:52,2025-08-01,12,Lunch,Clear,None,Partial,,R0065,15,9.13,1,309.41,0.0,0.0,309.41,182.88,4,3,1
ORD100422,DS005,Delhi NCR,Saket,2025-08-01 21:07:13,2025-08-01,21,Late Night,Clear,None,Delivered,,R0056,15,8.65,1,219.5,0.0,0.0,219.5,157.84,3,3,0
ORD100423,DS005,Delhi NCR,Saket,2025-08-01 12:49:03,2025-08-01,12,Lunch,Clear,Flat10,Delivered,,R0057,15,10.27,1,119.06,11.91,25.0,132.15,79.38,2,2,0
ORD100424,DS005,Delhi NCR,Saket,2025-08-01 10:35:30,2025-08-01,10,Morning,Clear,Flat10,Delivered,,R0058,15,8.18,1,356.49,35.65,0.0,320.84,229.24,3,3,0
ORD100425,DS005,Delhi NCR,Saket,2025-08-01 22:42:41,2025-08-01,22,Late Night,Clear,Flat10,Delivered,,R0054,15,9.18,1,48.58,4.86,25.0,68.72,32.82,1,1,0
ORD100426,DS005,Delhi NCR,Saket,2025-08-01 16:13:02,2025-08-01,16,Evening,Clear,None,Delivered,,R0058,15,9.98,1,82.92,0.0,25.0,107.92,50.67,1,1,0
ORD100427,DS005,Delhi NCR,Saket,2025-08-01 16:43:37,2025-08-01,16,Evening,Clear,None,Delivered,,R0055,15,10.44,1,246.1,0.0,0.0,246.1,164.15,2,2,0
ORD100428,DS005,Delhi NCR,Saket,2025-08-01 18:58:49,2025-08-01,18,Evening,Clear,None,Delivered,,R0060,15,11.05,1,276.14,0.0,0.0,276.14,185.83,3,3,0
ORD100429,DS005,Delhi NCR,Saket,2025-08-01 21:12:18,2025-08-01,21,Late Night,Clear,WalletCashback,Delivered,,R0060,15,9.4,1,452.66,22.63,0.0,430.02,285.69,3,3,0
ORD100430,DS005,Delhi NCR,Saket,2025-08-01 10:23:48,2025-08-01,10,Morning,Clear,Flash20,Partial,,R0063,15,12.31,1,228.07,45.61,0.0,182.45,173.46,3,2,1
ORD100431,DS005,Delhi NCR,Saket,2025-08-01 16:23:09,2025-08-01,16,Evening,Clear,FreeDelivery,Delivered,,R0061,15,8.82,1,384.29,25.0,0.0,359.29,262.32,3,3,0
ORD100432,DS005,Delhi NCR,Saket,2025-08-01 19:56:56,2025-08-01,19,Evening,Clear,None,Partial,,R0063,15,12.54,1,336.99,0.0,0.0,336.99,248.24,3,2,1
ORD100433,DS005,Delhi NCR,Saket,2025-08-01 13:53:19,2025-08-01,13,Lunch,Clear,None,Delivered,,R0065,15,8.3,1,124.33,0.0,25.0,149.33,94.59,1,1,0
ORD100434,DS005,Delhi NCR,Saket,2025-08-01 21:03:29,2025-08-01,21,Late Night,Clear,None,Delivered,,R0055,15,12.4,1,385.65,0.0,0.0,385.65,235.15,4,4,0
ORD100435,DS005,Delhi NCR,Saket,2025-08-01 16:18:37,2025-08-01,16,Evening,Clear,None,Delivered,,R0054,15,8.7,1,78.39,0.0,25.0,103.39,56.98,1,1,0
ORD100436,DS005,Delhi NCR,Saket,2025-08-01 20:01:09,2025-08-01,20,Evening,Clear,None,Delivered,,R0055,15,12.6,1,271.98,0.0,0.0,271.98,174.82,3,3,0
ORD100437,DS005,Delhi NCR,Saket,2025-08-01 14:23:25,2025-08-01,14,Lunch,Clear,None,Delivered,,R0055,15,6.72,1,140.81,0.0,25.0,165.81,86.76,1,1,0
ORD100438,DS005,Delhi NCR,Saket,2025-08-01 18:06:26,2025-08-01,18,Evening,Clear,None,Delivered,,R0054,15,8.13,1,287.04,0.0,0.0,287.04,199.46,1,1,0
ORD100439,DS005,Delhi NCR,Saket,2025-08-01 20:41:55,2025-08-01,20,Evening,Clear,Flash20,Delivered,,R0054,15,8.75,1,256.0,51.2,0.0,204.8,181.89,2,2,0
ORD100440,DS005,Delhi NCR,Saket,2025-08-01 12:05:00,2025-08-01,12,Lunch,Clear,Flat10,Partial,,R0054,15,9.49,1,906.35,90.64,0.0,815.72,619.19,4,3,1
ORD100441,DS005,Delhi NCR,Saket,2025-08-01 14:19:55,2025-08-01,14,Lunch,Clear,None,Partial,,R0060,15,6.15,1,124.42,0.0,25.0,149.42,83.59,4,3,1
ORD100442,DS005,Delhi NCR,Saket,2025-08-01 13:30:02,2025-08-01,13,Lunch,Clear,Flat10,Cancelled,Stockout,,15,,0,0.0,0.0,0.0,0.0,0.0,3,0,1
ORD100443,DS005,Delhi NCR,Saket,2025-08-01 11:26:34,2025-08-01,11,Lunch,Clear,Flat10,Delivered,,R0060,15,7.26,1,219.63,21.96,0.0,197.67,144.78,4,4,0
ORD100444,DS005,Delhi NCR,Saket,2025-08-01 17:24:40,2025-08-01,17,Evening,Clear,None,Delivered,,R0054,15,8.97,1,239.35,0.0,0.0,239.35,138.47,2,2,0
ORD100445,DS005,Delhi NCR,Saket,2025-08-01 18:06:14,2025-08-01,18,Evening,Clear,FreeDelivery,Delivered,,R0062,15,12.25,1,125.76,25.0,0.0,100.76,83.77,2,2,0
ORD100446,DS005,Delhi NCR,Saket,2025-08-01 10:14:56,2025-08-01,10,Morning,Clear,None,Delivered,,R0056,15,7.67,1,118.76,0.0,25.0,143.76,75.9,1,1,0
ORD100447,DS005,Delhi NCR,Saket,2025-08-01 19:44:39,2025-08-01,19,Evening,Clear,Flat10,Delivered,,R0059,15,9.89,1,630.72,63.07,0.0,567.65,388.42,2,2,0
ORD100448,DS005,Delhi NCR,Saket,2025-08-01 20:22:55,2025-08-01,20,Evening,Clear,BOGO,Cancelled,Rider unavailable,,15,,0,0.0,0.0,0.0,0.0,0.0,2,0,0
ORD100449,DS005,Delhi NCR,Saket,2025-08-01 12:16:37,2025-08-01,12,Lunch,Clear,None,Delivered,,R0058,15,8.14,1,127.73,0.0,25.0,152.73,86.85,2,2,0
ORD100450,DS005,Delhi NCR,Saket,2025-08-01 09:27:19,2025-08-01,9,Morning,Clear,Flat10,Delivered,,R0057,15,9.58,1,572.61,57.26,0.0,515.35,407.7,4,4,0
ORD100451,DS005,Delhi NCR,Saket,2025-08-01 17:23:41,2025-08-01,17,Evening,Clear,None,Cancelled,Stockout,,15,,0,0.0,0.0,0.0,0.0,0.0,4,0,1
ORD100452,DS005,Delhi NCR,Saket,2025-08-01 15:31:38,2025-08-01,15,Evening,Clear,None,Delivered,,R0054,15,12.04,1,111.41,0.0,25.0,136.41,71.92,2,2,0
ORD100453,DS005,Delhi NCR,Saket,2025-08-01 21:51:58,2025-08-01,21,Late Night,Clear,None,Delivered,,R0056,15,9.14,1,73.86,0.0,25.0,98.86,48.28,1,1,0
ORD100454,DS005,Delhi NCR,Saket,2025-08-01 18:25:27,2025-08-01,18,Evening,Clear,BOGO,Delivered,,R0058,15,10.19,1,129.49,0.0,25.0,154.49,96.95,2,2,0
ORD100455,DS005,Delhi NCR,Saket,2025-08-01 19:36:18,2025-08-01,19,Evening,Clear,None,Cancelled,Stockout,,15,,0,0.0,0.0,0.0,0.0,0.0,4,0,1
ORD100456,DS005,Delhi NCR,Saket,2025-08-01 12:13:32,2025-08-01,12,Lunch,Clear,None,Cancelled,Stockout,,15,,0,0.0,0.0,0.0,0.0,0.0,3,0,1
ORD100457,DS005,Delhi NCR,Saket,2025-08-01 08:22:11,2025-08-01,8,Morning,Clear,None,Delivered,,R0054,15,10.45,1,174.21,0.0,25.0,199.21,116.64,1,1,0
ORD100458,DS005,Delhi NCR,Saket,2025-08-01 13:06:07,2025-08-01,13,Lunch,Clear,None,Delivered,,R0060,15,11.79,1,37.06,0.0,25.0,62.06,21.97,1,1,0
ORD100459,DS005,Delhi NCR,Saket,2025-08-01 18:24:00,2025-08-01,18,Evening,Clear,Flat10,Delivered,,R0062,15,10.4,1,478.82,47.88,0.0,430.94,344.78,3,3,0
ORD100460,DS005,Delhi NCR,Saket,2025-08-01 11:54:35,2025-08-01,11,Lunch,Clear,None,Delivered,,R0058,15,8.28,1,647.8,0.0,0.0,647.8,403.9,4,4,0
ORD100461,DS005,Delhi NCR,Saket,2025-08-01 22:09:08,2025-08-01,22,Late Night,Clear,BOGO,Delivered,,R0063,15,4.75,1,370.15,68.01,0.0,302.14,271.47,2,2,0
ORD100462,DS005,Delhi NCR,Saket,2025-08-01 18:19:08,2025-08-01,18,Evening,Clear,None,Delivered,,R0057,15,14.6,1,164.65,0.0,25.0,189.65,120.12,1,1,0
ORD100463,DS005,Delhi NCR,Saket,2025-08-01 20:23:59,2025-08-01,20,Evening,Clear,Flat10,Delivered,,R0065,15,9.28,1,35.91,3.59,25.0,57.32,21.86,1,1,0
ORD100464,DS005,Delhi NCR,Saket,2025-08-01 19:59:52,2025-08-01,19,Evening,Clear,WalletCashback,Delivered,,R0065,15,7.87,1,72.87,3.64,25.0,94.23,56.74,1,1,0
ORD100465,DS005,Delhi NCR,Saket,2025-08-01 18:16:43,2025-08-01,18,Evening,Clear,None,Delivered,,R0061,15,10.27,1,210.32,0.0,0.0,210.32,149.41,3,3,0
ORD100466,DS005,Delhi NCR,Saket,2025-08-01 20:00:57,2025-08-01,20,Evening,Clear,None,Delivered,,R0057,15,11.33,1,235.96,0.0,0.0,235.96,154.71,2,2,0
ORD100467,DS005,Delhi NCR,Saket,2025-08-01 19:00:23,2025-08-01,19,Evening,Clear,None,Delivered,,R0063,15,10.64,1,377.42,0.0,0.0,377.42,283.77,1,1,0
ORD100468,DS005,Delhi NCR,Saket,2025-08-01 09:09:15,2025-08-01,9,Morning,Clear,Flash20,Delivered,,R0058,15,7.35,1,253.69,50.74,0.0,202.95,173.68,3,3,0
ORD100469,DS005,Delhi NCR,Saket,2025-08-01 12:56:54,2025-08-01,12,Lunch,Clear,Flash20,Delivered,,R0061,15,7.79,1,169.15,33.83,25.0,160.32,119.6,2,2,0
ORD100470,DS005,Delhi NCR,Saket,2025-08-01 14:39:44,2025-08-01,14,Lunch,Clear,None,Delivered,,R0059,15,11.98,1,226.95,0.0,0.0,226.95,144.84,1,1,0
ORD100471,DS005,Delhi NCR,Saket,2025-08-01 10:31:57,2025-08-01,10,Morning,Clear,Flash20,Delivered,,R0064,15,6.45,1,354.31,70.86,0.0,283.45,258.74,2,2,0
ORD100472,DS005,Delhi NCR,Saket,2025-08-01 15:43:26,2025-08-01,15,Evening,Clear,None,Delivered,,R0058,15,9.26,1,111.67,0.0,25.0,136.67,66.08,1,1,0
ORD100473,DS005,Delhi NCR,Saket,2025-08-01 13:14:16,2025-08-01,13,Lunch,Clear,Flat10,Cancelled,Stockout,,15,,0,0.0,0.0,0.0,0.0,0.0,3,0,1
ORD100474,DS005,Delhi NCR,Saket,2025-08-01 08:17:11,2025-08-01,8,Morning,Clear,BOGO,Delivered,,R0064,15,12.25,1,553.14,87.77,0.0,465.38,347.8,4,4,0
ORD100475,DS005,Delhi NCR,Saket,2025-08-01 22:47:38,2025-08-01,22,Late Night,Clear,WalletCashback,Delivered,,R0062,15,10.48,1,0.0,0.0,25.0,25.0,0.0,1,0,1
ORD100476,DS005,Delhi NCR,Saket,2025-08-01 18:26:04,2025-08-01,18,Evening,Clear,None,Cancelled,Payment failed,,15,,0,0.0,0.0,0.0,0.0,0.0,4,0,0
ORD100477,DS005,Delhi NCR,Saket,2025-08-01 09:21:20,2025-08-01,9,Morning,Clear,WalletCashback,Cancelled,Store closed,,15,,0,0.0,0.0,0.0,0.0,0.0,2,0,0
ORD100478,DS005,Delhi NCR,Saket,2025-08-01 10:06:42,2025-08-01,10,Morning,Clear,Flat10,Partial,,R0060,15,10.89,1,46.12,4.61,25.0,66.51,31.24,2,1,1
ORD100479,DS005,Delhi NCR,Saket,2025-08-01 23:38:11,2025-08-01,23,Late Night,Clear,Flash20,Delivered,,R0062,15,7.22,1,175.82,35.16,25.0,165.66,123.15,1,1,0
ORD100480,DS005,Delhi NCR,Saket,2025-08-01 13:40:38,2025-08-01,13,Lunch,Clear,None,Delivered,,R0063,15,9.0,1,37.02,0.0,25.0,62.02,24.7,1,1,0
ORD100481,DS005,Delhi NCR,Saket,2025-08-01 13:28:51,2025-08-01,13,Lunch,Clear,None,Delivered,,R0058,15,7.07,1,45.44,0.0,25.0,70.44,30.34,1,1,0
ORD100482,DS005,Delhi NCR,Saket,2025-08-01 12:07:05,2025-08-01,12,Lunch,Clear,Flat10,Delivered,,R0060,15,10.21,1,74.18,7.42,25.0,91.76,45.26,1,1,0
ORD100483,DS005,Delhi NCR,Saket,2025-08-01 19:43:20,2025-08-01,19,Evening,Clear,None,Delivered,,R0055,15,8.61,1,225.27,0.0,0.0,225.27,150.06,1,1,0
ORD100484,DS005,Delhi NCR,Saket,2025-08-01 18:34:48,2025-08-01,18,Evening,Clear,Flat10,Partial,,R0054,15,8.87,1,513.03,51.3,0.0,461.72,318.9,4,3,1
ORD100485,DS005,Delhi NCR,Saket,2025-08-01 12:56:03,2025-08-01,12,Lunch,Clear,None,Delivered,,R0054,15,8.07,1,615.25,0.0,0.0,615.25,415.65,3,3,0
ORD100486,DS005,Delhi NCR,Saket,2025-08-01 20:19:00,2025-08-01,20,Evening,Clear,Flat10,Delivered,,R0059,15,12.74,1,459.21,45.92,0.0,413.29,310.8,3,3,0
ORD100487,DS005,Delhi NCR,Saket,2025-08-01 10:25:36,2025-08-01,10,Morning,Clear,FreeDelivery,Delivered,,R0063,15,4.77,1,161.11,25.0,0.0,136.11,108.41,2,2,0
ORD100488,DS005,Delhi NCR,Saket,2025-08-01 17:16:14,2025-08-01,17,Evening,Clear,None,Partial,,R0064,15,7.71,1,510.81,0.0,0.0,510.81,346.35,3,2,1
ORD100489,DS005,Delhi NCR,Saket,2025-08-01 23:58:00,2025-08-01,23,Late Night,Clear,None,Delivered,,R0063,15,8.21,1,725.56,0.0,0.0,725.56,516.37,4,4,0
ORD100490,DS005,Delhi NCR,Saket,2025-08-01 22:00:17,2025-08-01,22,Late Night,Clear,None,Delivered,,R0056,15,8.17,1,245.04,0.0,0.0,245.04,159.65,3,3,0
ORD100491,DS005,Delhi NCR,Saket,2025-08-01 14:36:25,2025-08-01,14,Lunch,Clear,FreeDelivery,Delivered,,R0055,15,9.75,1,214.4,25.0,0.0,189.4,130.02,2,2,0
ORD100492,DS005,Delhi NCR,Saket,2025-08-01 18:37:01,2025-08-01,18,Evening,Clear,WalletCashback,Delivered,,R0061,15,10.79,1,55.76,2.79,25.0,77.97,40.04,1,1,0
ORD100493,DS005,Delhi NCR,Saket,2025-08-01 17:52:57,2025-08-01,17,Evening,Clear,None,Delivered,,R0055,15,7.89,1,433.95,0.0,0.0,433.95,321.43,2,2,0
ORD100494,DS005,Delhi NCR,Saket,2025-08-01 17:25:00,2025-08-01,17,Evening,Clear,None,Delivered,,R0056,15,7.04,1,301.27,0.0,0.0,301.27,177.5,3,3,0
ORD100495,DS005,Delhi NCR,Saket,2025-08-01 18:58:28,2025-08-01,18,Evening,Clear,Flat10,Delivered,,R0061,15,7.86,1,304.27,30.43,0.0,273.84,208.75,2,2,0
ORD100496,DS005,Delhi NCR,Saket,2025-08-01 09:18:50,2025-08-01,9,Morning,Clear,Flash20,Delivered,,R0059,15,10.44,1,96.07,19.21,25.0,101.86,70.77,1,1,0
ORD100497,DS005,Delhi NCR,Saket,2025-08-01 13:30:40,2025-08-01,13,Lunch,Clear,BOGO,Delivered,,R0056,15,9.07,1,502.74,71.04,0.0,431.7,345.96,3,3,0
ORD100498,DS005,Delhi NCR,Saket,2025-08-01 09:53:05,2025-08-01,9,Morning,Clear,FreeDelivery,Delivered,,R0065,15,7.88,1,560.66,25.0,0.0,535.66,402.18,3,3,0
ORD100499,DS005,Delhi NCR,Saket,2025-08-01 18:00:24,2025-08-01,18,Evening,Clear,Flat10,Delivered,,R0062,15,5.33,1,551.73,55.17,0.0,496.56,411.06,4,4,0
ORD100500,DS005,Delhi NCR,Saket,2025-08-01 22:29:51,2025-08-01,22,Late Night,Clear,Flat10,Delivered,,R0056,15,11.81,1,622.26,62.23,0.0,560.04,396.9,4,4,0
